Vendedor,SKU,Sexo,Tags,Vendedor,Nombre,Marca,Talla,Categoría,Subcategoría,Estilo,Estilo 2 (opcional),Color,Color (opcional),Precio Influ,Inventory,# Fotos,Precio Final,Fecha,Descripción
#1071,3.1071.01,Woman,"Woman, Zara, S, Abrigos | Chaquetas, Casual, Rosa",Laura Cañero,Abrigo rosa de peluche,Zara,S,Abrigos | Chaquetas,,Casual,,Rosa,,"20,72",cubyn-fulfillment,3,"26,99",,
#1071,3.1071.02,Woman,"Woman, New Look , S, Abrigos | Chaquetas, Casual, Gris",Laura Cañero,Abrigo gris de cuadros ,New Look ,S,Abrigos | Chaquetas,,Casual,,Gris,,"20,72",cubyn-fulfillment,3,"26,99",,
#1071,3.1071.03,Woman,"Woman, Zara, S, Abrigos | Chaquetas, Casual, Rockero, Gris",Laura Cañero,Cazadora gris de anté,Zara,S,Abrigos | Chaquetas,,Casual,Rockero,Gris,,"13,04",cubyn-fulfillment,3,"16,99",,
#1071,3.1071.04,Woman,"Woman, Pull&Bear, S, Jerséis | Cárdigans, Comfy, Beige, Multicolor",Laura Cañero,Jersey estampado de peluche (NUEVO),Pull&Bear,S,Jerséis | Cárdigans,,Comfy,,Beige,Multicolor,"9,97",cubyn-fulfillment,3,"12,99",,
#1071,3.1071.05,Woman,"Woman, Zara, 38, Abrigos | Chaquetas, Casual, Blanco",Laura Cañero,Abrigo blanco tipo blazer,Zara,38,Abrigos | Chaquetas,,Casual,,Blanco,,"19,19",cubyn-fulfillment,3,"24,99",,
#1071,3.1071.06,Woman,"Woman, Zara, XS, Blusas | Camisas, Casual, Azul",Laura Cañero,Camisa azul de lunares ,Zara,XS,Blusas | Camisas,,Casual,,Azul,,"8,44",cubyn-fulfillment,3,"10,99",,
#1071,3.1071.07,Woman,"Woman, Zara, XS, Tops, Party night, Casual, Beige",Laura Cañero,Top beige satinado (NUEVO),Zara,XS,Tops,,Party night,Casual,Beige,,"11,51",cubyn-fulfillment,3,"14,99",,
#1071,3.1071.08,Woman,"Woman, Zara, XS, Vestidos, Casual, Verde",Laura Cañero,Vestido verde de lycra,Zara,XS,Vestidos,,Casual,,Verde,,"19,19",cubyn-fulfillment,3,"24,99",,
#1071,3.1071.09,Woman,"Woman, Mistress Rock , S, Tops, Casual, Party night, Marrón",Laura Cañero,Top marrón hombros abullonados ,Mistress Rock ,S,Tops,,Casual,Party night,Marrón,,"22,26",cubyn-fulfillment,3,"28,99",,
#1071,3.1071.10,Woman,"Woman, Pull&Bear, XS, Tops, Party night, Beige",Laura Cañero,Top beige de lentejuelas (NUEVO),Pull&Bear,XS,Tops,,Party night,,Beige,,"14,58",cubyn-fulfillment,3,"18,99",,
#1071,3.1071.11,Woman,"Woman, Mistress Rocks , S, Tops, Casual, Beige",Laura Cañero,Top beige tipo corset hombros abullonados ,Mistress Rocks ,S,Tops,,Casual,,Beige,,"22,26",cubyn-fulfillment,3,"28,99",,
#1071,3.1071.12,Woman,"Woman, Zara, XS, Blusas | Camisas, Casual, Blanco",Laura Cañero,Blusa blanca de vuelos ,Zara,XS,Blusas | Camisas,,Casual,,Blanco,,"8,44",cubyn-fulfillment,3,"10,99",,
#1071,3.1071.13,Woman,"Woman, Zara, XS, Blusas | Camisas, Casual, Blanco",Laura Cañero,Camisa blanca transparente ,Zara,XS,Blusas | Camisas,,Casual,,Blanco,,"8,44",cubyn-fulfillment,3,"10,99",,
#1071,3.1071.14,Woman,"Woman, Pull&Bear, S, Tops, Party night, Negro",Laura Cañero,Body negro efecto brillante ,Pull&Bear,S,Tops,,Party night,,Negro,,"9,97",cubyn-fulfillment,3,"12,99",,
#1071,3.1071.15,Woman,"Woman, Zara, S, Abrigos | Chaquetas, Streetwear, Rockero, Negro",Laura Cañero,Chaqueta negra efecto piel hombros ,Zara,S,Abrigos | Chaquetas,,Streetwear,Rockero,Negro,,"9,97",cubyn-fulfillment,3,"12,99",,
#1071,3.1071.16,Woman,"Woman, Pull&Bear, S, Tops, Streetwear, Marrón",Laura Cañero,Top marrón de canalé (NUEVO) ,Pull&Bear,S,Tops,,Streetwear,,Marrón,,"8,44",cubyn-fulfillment,3,"10,99",,
#1071,3.1071.17,Woman,"Woman, Zara, XS, Pantalones, Streetwear, Beige",Laura Cañero,Pantalón beige tipo cargo,Zara,XS,Pantalones,,Streetwear,,Beige,,"11,51",cubyn-fulfillment,3,"14,99",,
,,,,,,,,,,,,,,"0,00",cubyn-fulfillment,,,,
,,,,prueba,Abrigo negro satinado,Michael Kors,M,Abrigos | Chaquetas,,Básicos,,Negro,,"0,00",cubyn-fulfillment,,,,
,,,,,Abrigo beige de pelo,Boohoo,38,Abrigos | Chaquetas,,Eventos,,Beige,,"0,00",cubyn-fulfillment,,,,
,,,,,Gabardina marrón con mangas verdes,Laagam,S,Abrigos | Chaquetas,,Casual,,Marrón,Verde,"0,00",cubyn-fulfillment,,,,
,,,,,Vestido rojo ajustado,Zara,M,Vestidos,Vestidos mini,Party night,,Rojo,,"0,00",cubyn-fulfillment,,,,
,,,,,Top negro tipo corset ,Boohoo,36,Tops,Crop tops,Party night,Eventos,Negro,,"0,00",cubyn-fulfillment,,,,
,,,,,,,,,,,,,,"0,00",cubyn-fulfillment,,,,
,,,,,,,,,,,,,,"0,00",cubyn-fulfillment,,,,
#1072,3.1072.01,Woman,"Woman, Guess, S, Abrigos | Chaquetas, Chaquetas | Cazadoras, Streetwear, Rosa",Bárbara Pérez,Abrigo Rosa reversible GUESS ,Guess,S,Abrigos | Chaquetas,Chaquetas | Cazadoras,Streetwear,,Rosa,,"92,12",cubyn-fulfillment,3,"119,99",,
#1072,3.1072.02,Woman,"Woman, Maje, S, Blazers, Casual, Rosa",Bárbara Pérez,Blazer rosa MAJE (NUEVO),Maje,S,Blazers,,Casual,,Rosa,,"153,54",cubyn-fulfillment,3,"199,99",,
#1072,3.1072.03,Woman,"Woman, Bershka, M, Abrigos | Chaquetas, Abrigos, Casual, Beige",Bárbara Pérez,Gabardina beige ,Bershka,M,Abrigos | Chaquetas,Abrigos,Casual,,Beige,,"19,19",cubyn-fulfillment,3,"24,99",,
#1072,3.1072.04,Woman,"Woman, Otras marcas, One size, Lencería | Pijamas, Comfy, Rosa",Bárbara Pérez,Sujetador rosa ,Otras marcas,One size,Lencería | Pijamas,,Comfy,,Rosa,,"6,90",cubyn-fulfillment,3,"8,99",,
#1072,3.1072.05,Woman,"Woman, Maje, L, Tops, Crop tops, Casual, Negro",Bárbara Pérez,Top negro estampado MAJE,Maje,L,Tops,Crop tops,Casual,,Negro,,"38,38",cubyn-fulfillment,3,"49,99",,
#1072,3.1072.06,Woman,"Woman, Zara, M, Tops, Crop tops, Casual, Party night, Marrón",Bárbara Pérez,Top marrón transparente,Zara,M,Tops,Crop tops,Casual,Party night,Marrón,,"11,51",cubyn-fulfillment,3,"14,99",,
#1072,3.1072.07,Woman,"Woman, Otras marcas, One size, Chalecos, Comfy, Naranja",Bárbara Pérez,Chaleco naranja de flecos ,Otras marcas,One size,Chalecos,,Comfy,,Naranja,,"9,97",cubyn-fulfillment,3,"12,99",,
#1072,3.1072.08,Woman,"Woman, Pull&Bear, M, Tops, Crop tops, Party night, Casual, Azul",Bárbara Pérez,Top azul strapless ,Pull&Bear,M,Tops,Crop tops,Party night,Casual,Azul,,"6,90",cubyn-fulfillment,3,"8,99",,
#1072,3.1072.09,Woman,"Woman, Luxe To Kill , 38, Faldas, Faldas mini, Streetwear, Beige",Bárbara Pérez,Falda beige (NUEVO),Luxe To Kill ,38,Faldas,Faldas mini,Streetwear,,Beige,,"23,02",cubyn-fulfillment,3,"29,99",,
#1072,3.1072.10,Woman,"Woman, Maje, 36, Pantalones, Deporte, Sportwear, Azul marino",Bárbara Pérez,Pantalón corto azul impermeable,Maje,36,Pantalones,Deporte,Sportwear,,Azul marino,,"30,70",cubyn-fulfillment,3,"39,99",,
#1072,3.1072.11,Woman,"Woman, Bershka, M, Pantalones, Pantalones polipiel, Streetwear, Rockero, Negro, Multicolor",Bárbara Pérez,Pantalón negro efecto piel ,Bershka,M,Pantalones,Pantalones polipiel,Streetwear,Rockero,Negro,Multicolor,"15,35",cubyn-fulfillment,3,"19,99",,
#1072,3.1072.12,Woman,"Woman, Bershka, 38, Jeans, Wide Leg, Denim, Marrón",Bárbara Pérez,Jeans marrón ,Bershka,38,Jeans,Wide Leg,Denim,,Marrón,,"9,97",cubyn-fulfillment,3,"12,99",,
#1072,3.1072.13,Woman,"Woman, H&M, 40, Pantalones, Pantalones cargo, Streetwear, Negro",Bárbara Pérez,Pantalón negro tipo cargo ,H&M,40,Pantalones,Pantalones cargo,Streetwear,,Negro,,"9,97",cubyn-fulfillment,3,"12,99",,
#1072,3.1072.14,Woman,"Woman, Alix , One size, Bolsos, Bolsos de hombro, Casual, Verde",Bárbara Pérez,Bolso verde de flecos (NUEVO),Alix ,One size,Bolsos,Bolsos de hombro,Casual,,Verde,,"38,38",cubyn-fulfillment,3,"49,99",,
#1072,3.1072.15,Woman,"Woman, Otras marcas, One size, Accesorios, Bisutería, Casual, Dorado",Bárbara Pérez,Gargantilla dorada de tela,Otras marcas,One size,Accesorios,Bisutería,Casual,,Dorado,,"6,90",cubyn-fulfillment,3,"8,99",,
#1072,3.1072.16,Woman,"Woman, Otras marcas, One size, Accesorios, Pañuelos | Bufandas, Casual, Lila, Amarillo",Bárbara Pérez,Pack de horquillas ,Otras marcas,One size,Accesorios,Pañuelos | Bufandas,Casual,,Lila,Amarillo,"6,90",cubyn-fulfillment,2,"8,99",,
#1072,3.1072.17,Woman,"Woman, Otras marcas, One size, Accesorios, Gafas de sol, Streetwear, Negro",Bárbara Pérez,Gafas de sol negras rectangular ,Otras marcas,One size,Accesorios,Gafas de sol,Streetwear,,Negro,,"6,90",cubyn-fulfillment,3,"8,99",,
#1072,3.1072.18,Woman,"Woman, Otras marcas, One size, Accesorios, Gafas de sol, Casual, Negro",Bárbara Pérez,Gafas de sol negras ,Otras marcas,One size,Accesorios,Gafas de sol,Casual,,Negro,,"6,90",cubyn-fulfillment,3,"8,99",,
#1073,3.1073.01,Woman,"Woman, Arizona Vintage, 16, Abrigos | Chaquetas, Chaquetas | Cazadoras, Streetwear, Verde",Nuria Blanco,Chaqueta bomber verde (NUEVO),Arizona Vintage,16,Abrigos | Chaquetas,Chaquetas | Cazadoras,Streetwear,,Verde,,"22,26",cubyn-fulfillment,3,"28,99",,
#1073,3.1073.02,Woman,"Woman, Vitrallet Studio, S, Lencería | Pijamas, Comfy, Negro",Nuria Blanco,Camisón de pijama negro (NUEVO),Vitrallet Studio,S,Lencería | Pijamas,,Comfy,,Negro,,"11,51",cubyn-fulfillment,3,"14,99",,
#1073,3.1073.03,Woman,"Woman, Thinking Mu, XS, Sudaderas, sin capucha, Streetwear, Verde",Nuria Blanco,Sudadera verde ,Thinking Mu,XS,Sudaderas,sin capucha,Streetwear,,Verde,,"6,90",cubyn-fulfillment,3,"8,99",,Marcas de uso: marcas no reconocibles
#1073,3.1073.04,Woman,"Woman, Maje, 36, Abrigos | Chaquetas, Chaquetas | Cazadoras, Denim, Azul",Nuria Blanco,Chaqueta vaquera con pedrería MAJE,Maje,36,Abrigos | Chaquetas,Chaquetas | Cazadoras,Denim,,Azul,,"172,74",cubyn-fulfillment,3,"224,99",,
#1073,3.1073.05,Woman,"Woman, Otras marcas, One size, Tops, Crop tops, Boho, Blanco",Nuria Blanco,Top blanco de crochet,Otras marcas,One size,Tops,Crop tops,Boho,,Blanco,,"6,90",cubyn-fulfillment,3,"8,99",,
#1073,3.1073.06,Woman,"Woman, Alohas , S, Vestidos, Vestidos midi, Casual, Negro",Nuria Blanco,Vestido negro espalda descubierta NUEVO,Alohas ,S,Vestidos,Vestidos midi,Casual,,Negro,,"15,35",cubyn-fulfillment,3,"19,99",,
#1073,3.1073.07,Woman,"Woman, Brandy Melville, One size, Jerséis | Cárdigans, Comfy, Negro",Nuria Blanco,Cardigan negro ,Brandy Melville,One size,Jerséis | Cárdigans,,Comfy,,Negro,,"7,67",cubyn-fulfillment,3,"9,99",,
#1073,3.1073.08,Woman,"Woman, NA-KD, XS, Tops, Crop tops, Streetwear, Blanco",Nuria Blanco,Top blanco anudado en espalda ,NA-KD,XS,Tops,Crop tops,Streetwear,,Blanco,,"11,51",cubyn-fulfillment,3,"14,99",,
#1073,3.1073.09,Woman,"Woman, Otras marcas, One size, Vestidos, Vestidos largos, Casual, Rosa, Multicolor",Nuria Blanco,Vestido colores espalda descubierta ,Otras marcas,One size,Vestidos,Vestidos largos,Casual,,Rosa,Multicolor,"7,67",cubyn-fulfillment,3,"9,99",,
#1073,3.1073.10,Woman,"Woman, High Spirits, S, Tops, Crop tops, Streetwear, Naranja",Nuria Blanco,Top naranja ,High Spirits,S,Tops,Crop tops,Streetwear,,Naranja,,"5,37",cubyn-fulfillment,3,"6,99",,
#1073,3.1073.11,Woman,"Woman, Zara, XS/S, Tops, Bodies, Streetwear, Verde",Nuria Blanco,Body verde de canalé,Zara,XS/S,Tops,Bodies,Streetwear,,Verde,,"5,37",cubyn-fulfillment,3,"6,99",,
#1073,3.1073.12,Woman,"Woman, Luxe To Kill , S, Tops, Crop tops, Streetwear, Blanco",Nuria Blanco,Top blanco asimetríco NUEVO,Luxe To Kill ,S,Tops,Crop tops,Streetwear,,Blanco,,"7,67",cubyn-fulfillment,3,"9,99",,
#1073,3.1073.13,Woman,"Woman, Vrg Grl, 6, Tops, Streetwear, Amarillo",Nuria Blanco,Top jersey amarillo ,Vrg Grl,6,Tops,,Streetwear,,Amarillo,,"7,67",cubyn-fulfillment,3,"9,99",,
#1073,3.1073.14,Woman,"Woman, Gentle Woman, One size, Tops, Streetwear, Blanco",Nuria Blanco,Mangas blancas de punto,Gentle Woman,One size,Tops,,Streetwear,,Blanco,,"22,26",cubyn-fulfillment,3,"28,99",,
#1073,3.1073.15,Woman,"Woman, My Mum Made It, 6, Tops, Crop tops, Streetwear, Blanco",Nuria Blanco,Top blanco ,My Mum Made It,6,Tops,Crop tops,Streetwear,,Blanco,,"5,37",cubyn-fulfillment,3,"6,99",,
#1073,3.1073.16,Woman,"Woman, Zara, S, Tops, Crop tops, Streetwear, Blanco",Nuria Blanco,Top blanco de punto ,Zara,S,Tops,Crop tops,Streetwear,,Blanco,,"7,67",cubyn-fulfillment,3,"9,99",,
#1073,3.1073.17,Woman,"Woman, Joseph, XS, Camisetas, Básicos, Streetwear, Verde",Nuria Blanco,Camiseta verde ,Joseph,XS,Camisetas,,Básicos,Streetwear,Verde,,"19,19",cubyn-fulfillment,3,"24,99",,
#1073,3.1073.18,Woman,"Woman, Zara, S, Vestidos, Vestidos largos, Casual, Beige, Multicolor",Nuria Blanco,Vestido beige de rayas ,Zara,S,Vestidos,Vestidos largos,Casual,,Beige,Multicolor,"7,67",cubyn-fulfillment,3,"9,99",,
#1073,3.1073.19,Woman,"Woman, Colourful Rebel, S, Sudaderas, sin capucha, Streetwear, Azul",Nuria Blanco,Sudadera azul estampada ,Colourful Rebel,S,Sudaderas,sin capucha,Streetwear,,Azul,,"7,67",cubyn-fulfillment,3,"9,99",,
#1073,3.1073.20,Woman,"Woman, American Eagle, XS/S, Jerséis | Cárdigans, Comfy, Blanco",Nuria Blanco,Jersey blanco rayas colores ,American Eagle,XS/S,Jerséis | Cárdigans,,Comfy,,Blanco,,"7,67",cubyn-fulfillment,3,"9,99",,
#1073,3.1073.21,Woman,"Woman, Designer Society , S, Abrigos | Chaquetas, Chaquetas | Cazadoras, Casual, Streetwear, Beige",Nuria Blanco,Chaqueta beige acolchada ,Designer Society ,S,Abrigos | Chaquetas,Chaquetas | Cazadoras,Casual,Streetwear,Beige,,"52,97",cubyn-fulfillment,3,"68,99",,
#1073,3.1073.22,Woman,"Woman, Russell, XXL, Sudaderas, sin capucha, Streetwear, Azul",Nuria Blanco,Sudadera azul ,Russell,XXL,Sudaderas,sin capucha,Streetwear,,Azul,,"7,67",cubyn-fulfillment,3,"9,99",,
#1073,3.1073.23,Woman,"Woman, Kaporal, S, Camisetas, Streetwear, Verde",Nuria Blanco,Camiseta verde fluida ,Kaporal,S,Camisetas,,Streetwear,,Verde,,"5,37",cubyn-fulfillment,3,"6,99",,
#1073,3.1073.24,Woman,"Woman, Otras marcas, S/M, Tops, Crop tops, Streetwear, Verde",Nuria Blanco,Top verde detalle en mangas ,Otras marcas,S/M,Tops,Crop tops,Streetwear,,Verde,,"6,90",cubyn-fulfillment,3,"8,99",,
#1073,3.1073.25,Woman,"Woman, Pimkie, 36, Vestidos, Vestidos mini, Casual, Boho, Negro",Nuria Blanco,Vestido negro fluido NUEVO,Pimkie,36,Vestidos,Vestidos mini,Casual,Boho,Negro,,"13,04",cubyn-fulfillment,3,"16,99",,
#1073,3.1073.26,Woman,"Woman, Bershka, S, Tops, Bodies, Streetwear, Verde",Nuria Blanco,Body verde estampado flores ,Bershka,S,Tops,Bodies,Streetwear,,Verde,,"5,37",cubyn-fulfillment,3,"6,99",,
#1073,3.1073.27,Woman,"Woman, Zara, S, Tops, Crop tops, Streetwear, Marrón",Nuria Blanco,Top marrón de canalé,Zara,S,Tops,Crop tops,Streetwear,,Marrón,,"5,37",cubyn-fulfillment,3,"6,99",,
#1073,3.1073.28,Woman,"Woman, Uniqlo, S, Camisetas, Básicos, Azul marino",Nuria Blanco,Camiseta azul manga larga ,Uniqlo,S,Camisetas,,Básicos,,Azul marino,,"7,67",cubyn-fulfillment,3,"9,99",,
#1073,3.1073.29,Woman,"Woman, Zara, M, Vestidos, Vestidos mini, Casual, Negro",Nuria Blanco,Vestido negro de terciopelo ,Zara,M,Vestidos,Vestidos mini,Casual,,Negro,,"7,67",cubyn-fulfillment,3,"9,99",,
#1073,3.1073.30,Woman,"Woman, Tiger Mist , XS, Tops, Crop tops, Streetwear, Rockero, Marrón",Nuria Blanco,Top marrón efecto piel ,Tiger Mist ,XS,Tops,Crop tops,Streetwear,Rockero,Marrón,,"26,86",cubyn-fulfillment,3,"34,99",,
#1073,3.1073.31,Woman,"Woman, Brownie, XXS, Monos | Petos, Streetwear, Blanco",Nuria Blanco,Peto blanco ,Brownie,XXS,Monos | Petos,,Streetwear,,Blanco,,"23,02",cubyn-fulfillment,3,"29,99",,
#1073,3.1073.32,Woman,"Woman, YERSE, M, Camisetas, Básicos, Blanco",Nuria Blanco,Camiseta blanca estampada ,YERSE,M,Camisetas,,Básicos,,Blanco,,"7,67",cubyn-fulfillment,3,"9,99",,Marcas de maquillaje
#1073,3.1073.33,Woman,"Woman, Subdued, One size, Jerséis | Cárdigans, Streetwear, Comfy, Blanco",Nuria Blanco,Cardigan blanco de canalé NUEVO,Subdued,One size,Jerséis | Cárdigans,,Streetwear,Comfy,Blanco,,"11,51",cubyn-fulfillment,3,"14,99",,
#1073,3.1073.34,Woman,"Woman, Adika , S, Lencería | Pijamas, Comfy, Rosa",Nuria Blanco,Pijama rosa enteriza ,Adika ,S,Lencería | Pijamas,,Comfy,,Rosa,,"5,37",cubyn-fulfillment,3,"6,99",,
#1073,3.1073.35,Woman,"Woman, 8 Birdies , One size, Jerséis | Cárdigans, Boho, Casual, Blanco",Nuria Blanco,Cárdigan blanco anudado de punto,8 Birdies ,One size,Jerséis | Cárdigans,,Boho,Casual,Blanco,,"7,67",cubyn-fulfillment,3,"9,99",,
#1073,3.1073.36,Woman,"Woman, Adika, M, Tops, Crop tops, Streetwear, Blanco",Nuria Blanco,Top blanco de canalé,Adika,M,Tops,Crop tops,Streetwear,,Blanco,,"3,83",cubyn-fulfillment,3,"4,99",,
#1073,3.1073.37,Woman,"Woman, Adika , S, Tops, Crop tops, Streetwear, Negro",Nuria Blanco,Top negro tipo polo ,Adika ,S,Tops,Crop tops,Streetwear,,Negro,,"5,37",cubyn-fulfillment,3,"6,99",,
#1073,3.1073.38,Woman,"Woman, Vitrallet Studio, S, Vestidos, Vestidos mini, Party night, Casual, Verde",Nuria Blanco,Vestido verde fruncido ,Vitrallet Studio,S,Vestidos,Vestidos mini,Party night,Casual,Verde,,"7,67",cubyn-fulfillment,3,"9,99",,Manchas sin identificar
#1073,3.1073.39,Woman,"Woman, Charter, One size, Jerséis | Cárdigans, Comfy, Azul",Nuria Blanco,Cárdigan azul cremallera asimétrica ,Charter,One size,Jerséis | Cárdigans,,Comfy,,Azul,,"13,81",cubyn-fulfillment,3,"17,99",,
#1073,3.1073.40,Woman,"Woman, Otras marcas, One size, Tops, Bodies, Party night, Negro",Nuria Blanco,Body negro transparente,Otras marcas,One size,Tops,Bodies,Party night,,Negro,,"7,67",cubyn-fulfillment,3,"9,99",,
#1073,3.1073.41,Woman,"Woman, Otras marcas, S/M, Tops, Party night, Rosa",Nuria Blanco,Top rosa fruncido ,Otras marcas,S/M,Tops,,Party night,,Rosa,,"7,67",cubyn-fulfillment,3,"9,99",,
#1073,3.1073.42,Woman,"Woman, Otras marcas, One size, Accesorios, Pañuelos | Bufandas, Casual, Azul, Multicolor",Nuria Blanco,Pañuelo de rayas ,Otras marcas,One size,Accesorios,Pañuelos | Bufandas,Casual,,Azul,Multicolor,"5,37",cubyn-fulfillment,2,"6,99",,
#1073,3.1073.43,Woman,"Woman, Brownie, One size, Accesorios, Pañuelos | Bufandas, Streetwear, Rosa",Nuria Blanco,Pañuelo rosa ,Brownie,One size,Accesorios,Pañuelos | Bufandas,Streetwear,,Rosa,,"5,37",cubyn-fulfillment,2,"6,99",,
#1073,3.1073.44,Woman,"Woman, NA-KD, XS, Tops, Crop tops, Streetwear, Verde",Nuria Blanco,Top jersey verde ,NA-KD,XS,Tops,Crop tops,Streetwear,,Verde,,"7,67",cubyn-fulfillment,3,"9,99",,
#1073,3.1073.45,Woman,"Woman, NA-KD, XS, Tops, Crop tops, Streetwear, Verde",Nuria Blanco,Top verde de canalé espalda anudada,NA-KD,XS,Tops,Crop tops,Streetwear,,Verde,,"7,67",cubyn-fulfillment,3,"9,99",,
#1073,3.1073.46,Woman,"Woman, NA-KD, XS, Tops, Crop tops, Streetwear, Casual, Negro",Nuria Blanco,Top negro anudado ,NA-KD,XS,Tops,Crop tops,Streetwear,Casual,Negro,,"9,97",cubyn-fulfillment,3,"12,99",,
#1073,3.1073.47,Woman,"Woman, Adika , XS, Tops, Crop tops, Streetwear, Verde",Nuria Blanco,Top verde transparente ,Adika ,XS,Tops,Crop tops,Streetwear,,Verde,,"5,37",cubyn-fulfillment,3,"6,99",,
#1073,3.1073.48,Woman,"Woman, Joah Brown , XS/S, Tops, Crop tops, Streetwear, Negro",Nuria Blanco,Top negro ,Joah Brown ,XS/S,Tops,Crop tops,Streetwear,,Negro,,"7,67",cubyn-fulfillment,3,"9,99",,
#1073,3.1073.49,Woman,"Woman, Bdg, S, Tops, Crop tops, Streetwear, Naranja",Nuria Blanco,Top naranja de canalé ,Bdg,S,Tops,Crop tops,Streetwear,,Naranja,,"7,67",cubyn-fulfillment,3,"9,99",,
#1073,3.1073.50,Woman,"Woman, Storets , S, Tops, Crop tops, Streetwear, Blanco",Nuria Blanco,Top blanco asimetríco de canalé,Storets ,S,Tops,Crop tops,Streetwear,,Blanco,,"5,37",cubyn-fulfillment,3,"6,99",,
#1073,3.1073.51,Woman,"Woman, Yerse , S, Chalecos, Comfy, Blanco",Nuria Blanco,Chaleco blanco de punto ,Yerse ,S,Chalecos,,Comfy,,Blanco,,"19,19",cubyn-fulfillment,3,"24,99",,
#1073,3.1073.52,Woman,"Woman, Adika , XS, Pantalones, Pantalones fluidos, Casual, Azul",Nuria Blanco,Pantalón azul satinado ,Adika ,XS,Pantalones,Pantalones fluidos,Casual,,Azul,,"9,97",cubyn-fulfillment,3,"12,99",,
#1073,3.1073.53,Woman,"Woman, Guess, 25, Jeans, Pitillo, Denim, Negro",Nuria Blanco,Jeans negro GUESS ,Guess,25,Jeans,Pitillo,Denim,,Negro,,"20,72",cubyn-fulfillment,3,"26,99",,
#1073,3.1073.54,Woman,"Woman, Charcoal , 4, Faldas, Faldas mini, Casual, Marrón",Nuria Blanco,Falda marrón NUEVO,Charcoal ,4,Faldas,Faldas mini,Casual,,Marrón,,"7,67",cubyn-fulfillment,3,"9,99",,
#1073,3.1073.55,Woman,"Woman, Ntb , XS, Pantalones, Pantalones de vestir, Casual, Gris",Nuria Blanco,Pantalón gris de vestir,Ntb ,XS,Pantalones,Pantalones de vestir,Casual,,Gris,,"11,51",cubyn-fulfillment,3,"14,99",,
#1073,3.1073.56,Woman,"Woman, Subdued, 23, Shorts, Shorts denim, Denim, Azul",Nuria Blanco,Short jeans azul ,Subdued,23,Shorts,Shorts denim,Denim,,Azul,,"7,67",cubyn-fulfillment,3,"9,99",,
#1073,3.1073.57,Woman,"Woman, Rats&Banana, XL, Tops, Crop tops, Streetwear, Casual, Naranja",Nuria Blanco,Top naranja asimétrico ,Rats&Banana,XL,Tops,Crop tops,Streetwear,Casual,Naranja,,"9,97",cubyn-fulfillment,3,"12,99",,
#1073,3.1073.58,Woman,"Woman, Oh My, One size, Tops, Crop tops, Streetwear, Negro",Nuria Blanco,Top negro de canalé,Oh My,One size,Tops,Crop tops,Streetwear,,Negro,,"7,67",cubyn-fulfillment,3,"9,99",,
#1073,3.1073.59,Woman,"Woman, Jaded , 32, Pantalones, Pantalones de punto, Beachwear, Multicolor",Nuria Blanco,Pantalón corto colores de punto,Jaded ,32,Pantalones,Pantalones de punto,Beachwear,,Multicolor,,"5,37",cubyn-fulfillment,3,"6,99",,
#1073,3.1073.60,Woman,"Woman, Kaporal, S, Abrigos | Chaquetas, Chaquetas | Cazadoras, Denim, Azul",Nuria Blanco,Chaqueta vaquera de borrego KAPORAL NUEVO,Kaporal,S,Abrigos | Chaquetas,Chaquetas | Cazadoras,Denim,,Azul,,"29,93",cubyn-fulfillment,3,"38,99",,
#1073,3.1073.61,Woman,"Woman, Cala , One size, Monos | Petos, Casual, Streetwear, Multicolor",Nuria Blanco,Mono colores de pelo ,Cala ,One size,Monos | Petos,,Casual,Streetwear,Multicolor,,"9,97",cubyn-fulfillment,3,"12,99",,
#1073,3.1073.62,Woman,"Woman, Carhartt, XS, Monos | Petos, Streetwear, Marrón",Nuria Blanco,Peto marrón,Carhartt,XS,Monos | Petos,,Streetwear,,Marrón,,"53,74",cubyn-fulfillment,3,"69,99",,
#1073,3.1073.63,Woman,"Woman, Zara, M, Jerséis | Cárdigans, Comfy, Beige",Nuria Blanco,Jersey beige over size,Zara,M,Jerséis | Cárdigans,,Comfy,,Beige,,"7,67",cubyn-fulfillment,3,"9,99",,
#1073,3.1073.64,Woman,"Woman, Inalbis , S, Pantalones, Pantalones estampados, Casual, Multicolor",Nuria Blanco,Pantalón estampado transparente,Inalbis ,S,Pantalones,Pantalones estampados,Casual,,Multicolor,,"11,51",cubyn-fulfillment,3,"14,99",,
#1073,3.1073.65,Woman,"Woman, Tipi, S/M, Faldas, Faldas mini, Party night, Casual, Verde",Nuria Blanco,Falda verde brillante cruzada ,Tipi,S/M,Faldas,Faldas mini,Party night,Casual,Verde,,"5,37",cubyn-fulfillment,3,"6,99",,
#1073,3.1073.66,Woman,"Woman, J Galt, 32, Faldas, Faldas mini, Casual, Blanco",Nuria Blanco,Falda azul de cuadros ,J Galt,32,Faldas,Faldas mini,Casual,,Blanco,,"7,67",cubyn-fulfillment,3,"9,99",,
#1073,3.1073.67,Woman,"Woman, Jyoset, S, Pantalones, Pantalones de vestir, Party night, Casual, Blanco",Nuria Blanco,Pantalón blanco anudado ,Jyoset,S,Pantalones,Pantalones de vestir,Party night,Casual,Blanco,,"9,97",cubyn-fulfillment,3,"12,99",,Marcas de polvo
#1073,3.1073.68,Woman,"Woman, Charcoal, 4, Faldas, Faldas mini, Casual, Verde",Nuria Blanco,Falda verde drapeada,Charcoal,4,Faldas,Faldas mini,Casual,,Verde,,"5,37",cubyn-fulfillment,3,"6,99",,
#1073,3.1073.69,Woman,"Woman, Susmies , One size, Faldas, Faldas mini, Beachwear, Negro",Nuria Blanco,Falda negra de punto ,Susmies ,One size,Faldas,Faldas mini,Beachwear,,Negro,,"5,37",cubyn-fulfillment,3,"6,99",,
#1073,3.1073.70,Woman,"Woman, Yerse , XS, Pantalones, Pantalones de pana, Vintage, Granate",Nuria Blanco,Pantalón granate de pana NUEVO,Yerse ,XS,Pantalones,Pantalones de pana,Vintage,,Granate,,"38,38",cubyn-fulfillment,3,"49,99",,
#1073,3.1073.71,Woman,"Woman, Thinking Mu, XS, Faldas, Faldas mini, Casual, Azul",Nuria Blanco,Falda azul fruncida ,Thinking Mu,XS,Faldas,Faldas mini,Casual,,Azul,,"19,19",cubyn-fulfillment,3,"24,99",,
#1073,3.1073.72,Woman,"Woman, Brunet , S, Pantalones, Pantalones de vestir, Casual, Verde",Nuria Blanco,Pantalón corto verde ,Brunet ,S,Pantalones,Pantalones de vestir,Casual,,Verde,,"11,51",cubyn-fulfillment,3,"14,99",,
#1073,3.1073.73,Woman,"Woman, Laagam, XS, Pantalones, Pantalones estampados, Casual, Multicolor",Nuria Blanco,Pantalón corto de colores ,Laagam,XS,Pantalones,Pantalones estampados,Casual,,Multicolor,,"19,19",cubyn-fulfillment,3,"24,99",,
#1073,3.1073.74,Woman,"Woman, Live Aid , One size, Pantalones, Pantalones de vestir, Casual, Blanco",Nuria Blanco,Pantalón blanco corto de rayas ,Live Aid ,One size,Pantalones,Pantalones de vestir,Casual,,Blanco,,"3,83",cubyn-fulfillment,3,"4,99",,
#1073,3.1073.75,Woman,"Woman, Storets , S/M, Pantalones, Deporte, Comfy, Azul",Nuria Blanco,Pantalón corto azul ,Storets ,S/M,Pantalones,Deporte,Comfy,,Azul,,"9,97",cubyn-fulfillment,3,"12,99",,
#1073,3.1073.76,Woman,"Woman, Subdued, 24, Jeans, Wide Leg, Denim, Marrón",Nuria Blanco,Jeans marrón ,Subdued,24,Jeans,Wide Leg,Denim,,Marrón,,"11,51",cubyn-fulfillment,3,"14,99",,
#1073,3.1073.77,Woman,"Woman, You Look Awesome, XS, Faldas, Faldas mini, Casual, Azul",Nuria Blanco,Falda azul de flecos ,You Look Awesome,XS,Faldas,Faldas mini,Casual,,Azul,,"11,51",cubyn-fulfillment,3,"14,99",,
#1073,3.1073.78,Woman,"Woman, Nunoo, M, Pantalones, Deporte, Sportwear, Morado",Nuria Blanco,Pantalón de chandal morado,Nunoo,M,Pantalones,Deporte,Sportwear,,Morado,,"7,67",cubyn-fulfillment,3,"9,99",,
#1073,3.1073.79,Woman,"Woman, Rats&Banana, XS, Pantalones, Pantalones estampados, Casual, Streetwear, Blanco, Gris",Nuria Blanco,Pantalón de cuadros ,Rats&Banana,XS,Pantalones,Pantalones estampados,Casual,Streetwear,Blanco,Gris,"9,97",cubyn-fulfillment,3,"12,99",,
#1073,3.1073.80,Woman,"Woman, Zara, S, Pantalones, Pantalones de punto, Comfy, Blanco",Nuria Blanco,Pantalón blanco de canalé,Zara,S,Pantalones,Pantalones de punto,Comfy,,Blanco,,"7,67",cubyn-fulfillment,3,"9,99",,
#1073,3.1073.81,Woman,"Woman, Subdued, XS, Pantalones, Pantalones de pana, Streetwear, Blanco",Nuria Blanco,Pantalón blanco de pana ,Subdued,XS,Pantalones,Pantalones de pana,Streetwear,,Blanco,,"11,51",cubyn-fulfillment,3,"14,99",,
#1073,3.1073.82,Woman,"Woman, Mya, 34, Bañadores | Bikinis, Bañadores, Beachwear, Azul",Nuria Blanco,Falda azul de lycra ,Mya,34,Bañadores | Bikinis,Bañadores,Beachwear,,Azul,,"5,37",cubyn-fulfillment,3,"6,99",,
#1073,3.1073.83,Woman,"Woman, Levi's, W26/L26, Jeans, Tiro alto, Denim, Azul",Nuria Blanco,Jeans azul LEVIS,Levi's,W26/L26,Jeans,Tiro alto,Denim,,Azul,,"30,70",cubyn-fulfillment,3,"39,99",,
#1073,3.1073.84,Woman,"Woman, Otras marcas, S, Faldas, Faldas mini, Casual, Negro, Blanco",Nuria Blanco,Falda de rayas fluida ,Otras marcas,S,Faldas,Faldas mini,Casual,,Negro,Blanco,"5,37",cubyn-fulfillment,3,"6,99",,
#1073,3.1073.85,Woman,"Woman, Otras marcas, One size, Vestidos, Vestidos mini, Casual, Party night, Negro",Nuria Blanco,Vestido negro de straplee ,Otras marcas,One size,Vestidos,Vestidos mini,Casual,Party night,Negro,,"7,67",cubyn-fulfillment,3,"9,99",,
#1073,3.1073.86,Woman,"Woman, Born, S, Conjuntos, Sportwear, Azul",Nuria Blanco,Conjunto azul depotivo ,Born,S,Conjuntos,,Sportwear,,Azul,,"23,02",cubyn-fulfillment,3,"29,99",,
#1073,3.1073.87,Woman,"Woman, Missguided, 32, Lencería | Pijamas, Comfy, Rosa",Nuria Blanco,Conjunto de pijama rosa ,Missguided,32,Lencería | Pijamas,,Comfy,,Rosa,,"7,67",cubyn-fulfillment,3,"9,99",,
#1073,3.1073.88,Woman,"Woman, Kurt Geiger, 37, Calzado, Sandalias, Comfy, Rosa",Nuria Blanco,Sandalias rosa acolchadas,Kurt Geiger,37,Calzado,Sandalias,Comfy,,Rosa,,"61,41",cubyn-fulfillment,3,"79,99",,
#1073,3.1073.90,Woman,"Woman, C'M, 37, Calzado, Sandalias, Casual, Negro",Nuria Blanco,Sandalias negras de tacón ,C'M,37,Calzado,Sandalias,Casual,,Negro,,"5,37",cubyn-fulfillment,3,"6,99",,
#1073,3.1073.91,Woman,"Woman, NA-KD, 37, Calzado, Sandalias, Casual, Verde",Nuria Blanco,Sandalias verde de tacón ,NA-KD,37,Calzado,Sandalias,Casual,,Verde,,"15,35",cubyn-fulfillment,3,"19,99",,
#1073,3.1073.92,Woman,"Woman, Dr. Martens, 37, Calzado, Sandalias, Comfy, Negro",Nuria Blanco,Sandalias negras Dr. Martens,Dr. Martens,37,Calzado,Sandalias,Comfy,,Negro,,"61,41",cubyn-fulfillment,3,"79,99",,
#1073,3.1073.93,Woman,"Woman, Vienty, 37, Calzado, Botines, Casual, Beige",Nuria Blanco,Botines beige de anté,Vienty,37,Calzado,Botines,Casual,,Beige,,"11,51",cubyn-fulfillment,3,"14,99",,
#1073,3.1073.94,Woman,"Woman, Ugg, 37, Calzado, Botines, Comfy, Beige",Nuria Blanco,UGG mini beige ,Ugg,37,Calzado,Botines,Comfy,,Beige,,"92,12",cubyn-fulfillment,3,"119,99",,
#1073,3.1073.95,Woman,"Woman, Nundoo , One size, Bolsos, Bandoleras, Casual, Azul",Nuria Blanco,Bolso mini azul ,Nundoo ,One size,Bolsos,Bandoleras,Casual,,Azul,,"15,35",cubyn-fulfillment,3,"19,99",,
#1073,3.1073.96,Woman,"Woman, Cold Flower Cartel, S/M, Accesorios, Gorros | Gorras, Streetwear, Azul, Blanco",Nuria Blanco,Buket hat blanco y azul ,Cold Flower Cartel,S/M,Accesorios,Gorros | Gorras,Streetwear,,Azul,Blanco,"5,37",cubyn-fulfillment,2,"6,99",,
#1073,3.1073.97,Woman,"Woman, Summery , One size, Accesorios, Gorros | Gorras, Streetwear, Azul",Nuria Blanco,Buket hat estampado azul ,Summery ,One size,Accesorios,Gorros | Gorras,Streetwear,,Azul,,"5,37",cubyn-fulfillment,2,"6,99",,
#1073,3.1073.98,Woman,"Woman, Otras marcas, One size, Accesorios, Gorros | Gorras, Streetwear, Rojo",Nuria Blanco,Buket hat rojo ,Otras marcas,One size,Accesorios,Gorros | Gorras,Streetwear,,Rojo,,"5,37",cubyn-fulfillment,2,"6,99",,
#1073,3.1073.99,Woman,"Woman, You Look Awesome, S, Accesorios, Gorros | Gorras, Streetwear, Azul, Rosa",Nuria Blanco,Buket hat tie dye ,You Look Awesome,S,Accesorios,Gorros | Gorras,Streetwear,,Azul,Rosa,"5,37",cubyn-fulfillment,2,"6,99",,
#1073,3.1073.100,Woman,"Woman, Russel , One size, Accesorios, Gorros | Gorras, Streetwear, Beige",Nuria Blanco,Gorro beige de punto ,Russel ,One size,Accesorios,Gorros | Gorras,Streetwear,,Beige,,"6,13",cubyn-fulfillment,2,"7,99",,
#1073,3.1073.101,Woman,"Woman, NA-KD, XS/S, Accesorios, Gorros | Gorras, Streetwear, Gris",Nuria Blanco,Buket hat gris de peluche ,NA-KD,XS/S,Accesorios,Gorros | Gorras,Streetwear,,Gris,,"5,37",cubyn-fulfillment,2,"6,99",,
#1073,3.1073.102,Woman,"Woman, Otras marcas, One size, Accesorios, Gorros | Gorras, Streetwear, Verde",Nuria Blanco,Gorra verde ,Otras marcas,One size,Accesorios,Gorros | Gorras,Streetwear,,Verde,,"5,37",cubyn-fulfillment,2,"6,99",,Marcas de maquillaje
#1073,3.1073.103,Woman,"Woman, Bershka, One size, Accesorios, Gorros | Gorras, Streetwear, Azul",Nuria Blanco,Gorra azul ,Bershka,One size,Accesorios,Gorros | Gorras,Streetwear,,Azul,,"5,37",cubyn-fulfillment,2,"6,99",,
#1073,3.1073.104,Woman,"Woman, Otras marcas, One size, Accesorios, Gorros | Gorras, Streetwear, Azul",Nuria Blanco,Buket hat azul ,Otras marcas,One size,Accesorios,Gorros | Gorras,Streetwear,,Azul,,"5,37",cubyn-fulfillment,2,"6,99",,
#1073,3.1073.105,Woman,"Woman, Majorelle, M, Abrigos | Chaquetas, Abrigos, Casual, Beige",Nuria Blanco,Abrigo beige de pelo MAJORELLE,Majorelle,M,Abrigos | Chaquetas,Abrigos,Casual,,Beige,,"176,58",cubyn-fulfillment,3,"229,99",,
#1073,3.1073.106,Woman,"Woman, Adika, S, Abrigos | Chaquetas, Chaquetas | Cazadoras, Streetwear, Beige",Nuria Blanco,Chaqueta beige de pana acolchada ,Adika,S,Abrigos | Chaquetas,Chaquetas | Cazadoras,Streetwear,,Beige,,"19,19",cubyn-fulfillment,3,"24,99",,
#1073,3.1073.107,Woman,"Woman, Sandro, One size, Abrigos | Chaquetas, Abrigos, Casual, Negro",Nuria Blanco,Abrigo negro reversible de piel SANDRO,Sandro,One size,Abrigos | Chaquetas,Abrigos,Casual,,Negro,,"268,71",cubyn-fulfillment,3,"349,99",,
#1074,3.1074.01,Woman,"Woman, House of cb, S, Abrigos | Chaquetas, Abrigos, Casual, Eventos, Rosa",Jenn Muchelas,Abrigo rosa de pelo ,House of cb,S,Abrigos | Chaquetas,Abrigos,Casual,Eventos,Rosa,,"38,38",cubyn-fulfillment,3,"49,99",,
#1074,3.1074.02,Woman,"Woman, Meotine, S/M, Abrigos | Chaquetas, Chaquetas | Cazadoras, Casual, Verde",Jenn Muchelas,Chaqueta verde efecto piel ,Meotine,S/M,Abrigos | Chaquetas,Chaquetas | Cazadoras,Casual,,Verde,,"115,16",cubyn-fulfillment,3,"149,99",,
#1074,3.1074.03,Woman,"Woman, Sandro, S, Abrigos | Chaquetas, Chaquetas | Cazadoras, Casual, Verde",Jenn Muchelas,Chaqueta verde pata de gallo SANDRO,Sandro,S,Abrigos | Chaquetas,Chaquetas | Cazadoras,Casual,,Verde,,"214,96",cubyn-fulfillment,3,"279,99",,
#1074,3.1074.04,Woman,"Woman, Gateless, One size, Abrigos | Chaquetas, Chaquetas | Cazadoras, Streetwear, Verde",Jenn Muchelas,Chaqueta verde crop acolchada,Gateless,One size,Abrigos | Chaquetas,Chaquetas | Cazadoras,Streetwear,,Verde,,"26,86",cubyn-fulfillment,3,"34,99",,
#1074,3.1074.05,Woman,"Woman, 4Th Reckless, S, Abrigos | Chaquetas, Chaquetas | Cazadoras, Casual, Azul",Jenn Muchelas,Chaqueta azul efecto piel,4Th Reckless,S,Abrigos | Chaquetas,Chaquetas | Cazadoras,Casual,,Azul,,"17,65",cubyn-fulfillment,3,"22,99",,
#1074,3.1074.06,Woman,"Woman, Zara, XS, Abrigos | Chaquetas, Abrigos, Casual, Eventos, Negro",Jenn Muchelas,Abrigo negro de pelo,Zara,XS,Abrigos | Chaquetas,Abrigos,Casual,Eventos,Negro,,"20,72",cubyn-fulfillment,3,"26,99",,
#1074,3.1074.07,Woman,"Woman, Madam, M, Abrigos | Chaquetas, Abrigos, Casual, Negro",Jenn Muchelas,Abrigo negro brorrego ,Madam,M,Abrigos | Chaquetas,Abrigos,Casual,,Negro,,"17,65",cubyn-fulfillment,3,"22,99",,
#1074,3.1074.08,Woman,"Woman, Etam, S, Lencería | Pijamas, Comfy, Rojo",Jenn Muchelas,Camisón rojo satinado,Etam,S,Lencería | Pijamas,,Comfy,,Rojo,,"5,37",cubyn-fulfillment,3,"6,99",,
#1074,3.1074.09,Woman,"Woman, Tommy Hilfiger, L, Chalecos, Comfy, Básicos, Verde",Jenn Muchelas,Chaleco verde TOMMY HILFIGER,Tommy Hilfiger,L,Chalecos,,Comfy,Básicos,Verde,,"9,97",cubyn-fulfillment,3,"12,99",,
#1074,3.1074.10,Woman,"Woman, H&M, M, Chalecos, Comfy, Blanco",Jenn Muchelas,Chaleco blanco de punto ,H&M,M,Chalecos,,Comfy,,Blanco,,"7,67",cubyn-fulfillment,3,"9,99",,
#1074,3.1074.11,Woman,"Woman, Outfitbook, S, Tops, Crop tops, Streetwear, Negro",Jenn Muchelas,Top negro anudado de canalé,Outfitbook,S,Tops,Crop tops,Streetwear,,Negro,,"5,37",cubyn-fulfillment,3,"6,99",,
#1074,3.1074.12,Woman,"Woman, Brandy Melville, One size, Tops, Streetwear, Blanco",Jenn Muchelas,Top jersey blanco de canalé,Brandy Melville,One size,Tops,,Streetwear,,Blanco,,"7,67",cubyn-fulfillment,3,"9,99",,
#1074,3.1074.13,Woman,"Woman, Lpa, S, Jerséis | Cárdigans, Comfy, Verde",Jenn Muchelas,Cárdigan verde de punto,Lpa,S,Jerséis | Cárdigans,,Comfy,,Verde,,"7,67",cubyn-fulfillment,3,"9,99",,
#1074,3.1074.14,Woman,"Woman, Chosen By Tuchuzy, M/L, Blusas | Camisas, Casual, Básicos, Verde",Jenn Muchelas,Camisa de rayas ,Chosen By Tuchuzy,M/L,Blusas | Camisas,,Casual,Básicos,Verde,,"26,86",cubyn-fulfillment,3,"34,99",,
#1074,3.1074.15,Woman,"Woman, H&M, S, Tops, Crop tops, Party night, Eventos, Negro",Jenn Muchelas,Top negro asimétrico detalle flor ,H&M,S,Tops,Crop tops,Party night,Eventos,Negro,,"7,67",cubyn-fulfillment,3,"9,99",,
#1074,3.1074.16,Woman,"Woman, H&M, S, Jerséis | Cárdigans, Comfy, Azul",Jenn Muchelas,Jersey azul anudado,H&M,S,Jerséis | Cárdigans,,Comfy,,Azul,,"11,51",cubyn-fulfillment,3,"14,99",,
#1074,3.1074.17,Woman,"Woman, White Valentyne , S, Blusas | Camisas, Party night, Eventos, Verde",Jenn Muchelas,Blusa verde espalda descubierta,White Valentyne ,S,Blusas | Camisas,,Party night,Eventos,Verde,,"9,97",cubyn-fulfillment,3,"12,99",,
#1074,3.1074.18,Woman,"Woman, Primark, L, Sudaderas, sin capucha, Streetwear, Comfy, Blanco",Jenn Muchelas,Sudadera blanca ,Primark,L,Sudaderas,sin capucha,Streetwear,Comfy,Blanco,,"5,37",cubyn-fulfillment,3,"6,99",,
#1074,3.1074.19,Woman,"Woman, Nude Project, M, Sudaderas, con capucha, Streetwear, Beige",Jenn Muchelas,Sudadera beige estampada,Nude Project,M,Sudaderas,con capucha,Streetwear,,Beige,,"28,40",cubyn-fulfillment,3,"36,99",,
#1074,3.1074.20,Woman,"Woman, Women Secret , S, Vestidos, Casual, Blanco",Jenn Muchelas,Vestido blanco de punto,Women Secret ,S,Vestidos,,Casual,,Blanco,,"7,67",cubyn-fulfillment,3,"9,99",,
#1074,3.1074.21,Woman,"Woman, Motel , S, Tops, Crop tops, Party night, Beige",Jenn Muchelas,Top beige satinado ,Motel ,S,Tops,Crop tops,Party night,,Beige,,"7,67",cubyn-fulfillment,3,"9,99",,
#1074,3.1074.22,Woman,"Woman, H&M, XS, Tops, Crop tops, Party night, Eventos, Beige",Jenn Muchelas,Top beige detalle vuelo ,H&M,XS,Tops,Crop tops,Party night,Eventos,Beige,,"7,67",cubyn-fulfillment,3,"9,99",,
#1074,3.1074.23,Woman,"Woman, Otras marcas, One size, Tops, Crop tops, Party night, Plateado",Jenn Muchelas,Top plateado ,Otras marcas,One size,Tops,Crop tops,Party night,,Plateado,,"9,97",cubyn-fulfillment,3,"12,99",,
#1074,3.1074.24,Woman,"Woman, Zara, XS, Vestidos, Vestidos mini, Casual, Eventos, Negro",Jenn Muchelas,Vestido negro strapless NUEVO,Zara,XS,Vestidos,Vestidos mini,Casual,Eventos,Negro,,"23,02",cubyn-fulfillment,3,"29,99",,
#1074,3.1074.25,Woman,"Woman, Adika, S, Tops, Crop tops, Streetwear, Negro",Jenn Muchelas,Top negro tipo polo,Adika,S,Tops,Crop tops,Streetwear,,Negro,,"5,37",cubyn-fulfillment,3,"6,99",,
#1074,3.1074.26,Woman,"Woman, High Spirits, S, Abrigos | Chaquetas, Chaquetas | Cazadoras, Casual, Eventos, Negro",Jenn Muchelas,Chaqueta negra de terciopelo,High Spirits,S,Abrigos | Chaquetas,Chaquetas | Cazadoras,Casual,Eventos,Negro,,"23,02",cubyn-fulfillment,3,"29,99",,
#1074,3.1074.27,Woman,"Woman, Vitrallet Studio , S, Vestidos, Vestidos mini, Party night, Eventos, Negro",Jenn Muchelas,Vestido negro hombros descubierto NUEVO,Vitrallet Studio ,S,Vestidos,Vestidos mini,Party night,Eventos,Negro,,"17,65",cubyn-fulfillment,3,"22,99",,
#1074,3.1074.28,Woman,"Woman, Edikted, M, Conjuntos, Streetwear, Negro",Jenn Muchelas,Conjunto negro mangas y top ,Edikted,M,Conjuntos,,Streetwear,,Negro,,"9,97",cubyn-fulfillment,3,"12,99",,
#1074,3.1074.29,Woman,"Woman, Vitrallet Studio , S, Tops, Bodies, Casual, Eventos, Negro",Jenn Muchelas,Body negro asimétrico,Vitrallet Studio ,S,Tops,Bodies,Casual,Eventos,Negro,,"9,97",cubyn-fulfillment,3,"12,99",,
#1074,3.1074.30,Woman,"Woman, SL, S, Tops, Crop tops, Party night, Negro",Jenn Muchelas,Top pañuelo negro ,SL,S,Tops,Crop tops,Party night,,Negro,,"9,97",cubyn-fulfillment,3,"12,99",,Brillantes despegados
#1074,3.1074.31,Woman,"Woman, Adika, S, Tops, Crop tops, Party night, Negro",Jenn Muchelas,Top negro anudado,Adika,S,Tops,Crop tops,Party night,,Negro,,"7,67",cubyn-fulfillment,3,"9,99",,
#1074,3.1074.32,Woman,"Woman, H&M, S, Vestidos, Vestidos mini, Party night, Negro",Jenn Muchelas,Vestido negro de vuelo,H&M,S,Vestidos,Vestidos mini,Party night,,Negro,,"9,97",cubyn-fulfillment,3,"12,99",,
#1074,3.1074.33,Woman,"Woman, Natba, One size, Accesorios, Pañuelos | Bufandas, Comfy, Verde",Jenn Muchelas,Bufanda verde ,Natba,One size,Accesorios,Pañuelos | Bufandas,Comfy,,Verde,,"7,67",cubyn-fulfillment,2,"9,99",,
#1074,3.1074.34,Woman,"Woman, Sorry Im Busy, S, Sudaderas, sin capucha, Streetwear, Lila",Jenn Muchelas,Sudadera lila ,Sorry Im Busy,S,Sudaderas,sin capucha,Streetwear,,Lila,,"28,40",cubyn-fulfillment,3,"36,99",,
#1074,3.1074.35,Woman,"Woman, High Spirits, S, Blusas | Camisas, Party night, Morado",Jenn Muchelas,Camiseta morada manga larga NUEVO,High Spirits,S,Blusas | Camisas,,Party night,,Morado,,"15,35",cubyn-fulfillment,3,"19,99",,
#1074,3.1074.36,Woman,"Woman, High Spirits, S, Chalecos, Vintage, Morado",Jenn Muchelas,Chaleco morado de terciopelo,High Spirits,S,Chalecos,,Vintage,,Morado,,"20,72",cubyn-fulfillment,3,"26,99",,
#1074,3.1074.37,Woman,"Woman, High Spirits, S, Blusas | Camisas, Casual, Eventos, Morado",Jenn Muchelas,Blusa rosa transparente,High Spirits,S,Blusas | Camisas,,Casual,Eventos,Morado,,"11,51",cubyn-fulfillment,3,"14,99",,
#1074,3.1074.38,Woman,"Woman, High Spirits, S, Vestidos, Vestidos mini, Casual, Eventos, Morado",Jenn Muchelas,Vestido morado satinado,High Spirits,S,Vestidos,Vestidos mini,Casual,Eventos,Morado,,"19,19",cubyn-fulfillment,3,"24,99",,
#1074,3.1074.39,Woman,"Woman, Muk, One size, Accesorios, Accesorios móvil, Casual, Beige, Negro",Jenn Muchelas,Funda movil Iphone,Muk,One size,Accesorios,Accesorios móvil,Casual,,Beige,Negro,"5,37",cubyn-fulfillment,2,"6,99",,
#1074,3.1074.40,Woman,"Woman, Bershka, M, Jerséis | Cárdigans, Comfy, Beige",Jenn Muchelas,Jersey beige de canalé,Bershka,M,Jerséis | Cárdigans,,Comfy,,Beige,,"7,67",cubyn-fulfillment,3,"9,99",,
#1074,3.1074.41,Woman,"Woman, Adika, S, Tops, Crop tops, Streetwear, Negro",Jenn Muchelas,Top negro de tiras,Adika,S,Tops,Crop tops,Streetwear,,Negro,,"7,67",cubyn-fulfillment,3,"9,99",,
#1074,3.1074.42,Woman,"Woman, Name The Brand, M, Tops, Crop tops, Básicos, Negro",Jenn Muchelas,Top negro,Name The Brand,M,Tops,Crop tops,Básicos,,Negro,,"5,37",cubyn-fulfillment,3,"6,99",,
#1074,3.1074.43,Woman,"Woman, Otras marcas, 38, Calzado, Mocasines, Casual, Blanco",Jenn Muchelas,Zuecos blancos,Otras marcas,38,Calzado,Mocasines,Casual,,Blanco,,"11,51",cubyn-fulfillment,3,"14,99",,Medida de calzado 25 cm
#1074,3.1074.44,Woman,"Woman, Otras marcas, S, Tops, Crop tops, Streetwear, Negro",Jenn Muchelas,Top negro strapless de canalé ,Otras marcas,S,Tops,Crop tops,Streetwear,,Negro,,"7,67",cubyn-fulfillment,3,"9,99",,
#1074,3.1074.45,Woman,"Woman, High Spirits, S, Pantalones, Pantalones de vestir, Party night, Negro",Jenn Muchelas,Pantalón negro de lentejuelas NUEVO,High Spirits,S,Pantalones,Pantalones de vestir,Party night,,Negro,,"26,86",cubyn-fulfillment,3,"34,99",,
#1074,3.1074.46,Woman,"Woman, H&M, S, Pantalones, Pantalones de vestir, Party night, Negro",Jenn Muchelas,Pantalón negro de lentejuelas de flecos ,H&M,S,Pantalones,Pantalones de vestir,Party night,,Negro,,"15,35",cubyn-fulfillment,3,"19,99",,
#1074,3.1074.47,Woman,"Woman, Subdued, 34/36, Jeans, Flare, Denim, Azul",Jenn Muchelas,Jeans azul ,Subdued,34/36,Jeans,Flare,Denim,,Azul,,"13,04",cubyn-fulfillment,3,"16,99",,
#1074,3.1074.48,Woman,"Woman, High Spirits, 34, Jeans, Tiro alto, Denim, Azul",Jenn Muchelas,Jeans azul tiro alto,High Spirits,34,Jeans,Tiro alto,Denim,,Azul,,"13,04",cubyn-fulfillment,3,"16,99",,
#1074,3.1074.49,Woman,"Woman, Subdued, 40, Jeans, Flare, Denim, Azul",Jenn Muchelas,Jeans azul tiro medio,Subdued,40,Jeans,Flare,Denim,,Azul,,"13,04",cubyn-fulfillment,3,"16,99",,
#1074,3.1074.50,Woman,"Woman, Manolo Blahnik, 37, Calzado, Sandalias, Eventos, Dorado",Jenn Muchelas,Sandalia doradas de tacón ,Manolo Blahnik,37,Calzado,Sandalias,Eventos,,Dorado,,"230,32",cubyn-fulfillment,3,"299,99",,
#1074,3.1074.51,Woman,"Woman, Zara, XS, Pantalones, Pantalones de vestir, Casual, Verde",Jenn Muchelas,Pantalón verde de vestir ,Zara,XS,Pantalones,Pantalones de vestir,Casual,,Verde,,"9,97",cubyn-fulfillment,3,"12,99",,
#1074,3.1074.52,Woman,"Woman, High Spirits, 34, Pantalones, Pantalones de vestir, Casual, Eventos, Negro",Jenn Muchelas,Pantalón negro cintura elástica ,High Spirits,34,Pantalones,Pantalones de vestir,Casual,Eventos,Negro,,"9,97",cubyn-fulfillment,3,"12,99",,
#1074,3.1074.53,Woman,"Woman, H&M, 36, Pantalones, Pantalones fluidos, Casual, Eventos, Beige",Jenn Muchelas,Pantalón beige satinado ,H&M,36,Pantalones,Pantalones fluidos,Casual,Eventos,Beige,,"9,97",cubyn-fulfillment,3,"12,99",,
#1074,3.1074.54,Woman,"Woman, NA-KD, 34, Pantalones, Pantalones de vestir, Casual, Beige",Jenn Muchelas,Pantalón beige de vestir ,NA-KD,34,Pantalones,Pantalones de vestir,Casual,,Beige,,"9,97",cubyn-fulfillment,3,"12,99",,
#1074,3.1074.55,Woman,"Woman, Outfitbook, XS, Pantalones, Pantalones de vestir, Casual, Eventos, Negro",Jenn Muchelas,Pantalón negro de vestir ,Outfitbook,XS,Pantalones,Pantalones de vestir,Casual,Eventos,Negro,,"7,67",cubyn-fulfillment,3,"9,99",,Parte descosida 
#1074,3.1074.56,Woman,"Woman, Zara, S, Pantalones, Pantalones de vestir, Casual, Eventos, Negro",Jenn Muchelas,Pantalón negro de vestir NUEVO,Zara,S,Pantalones,Pantalones de vestir,Casual,Eventos,Negro,,"11,51",cubyn-fulfillment,3,"14,99",,
#1074,3.1074.57,Woman,"Woman, H&M, 34, Pantalones, Pantalones de vestir, Casual, Eventos, Negro",Jenn Muchelas,Pantalón negro de vestir cintura elastica,H&M,34,Pantalones,Pantalones de vestir,Casual,Eventos,Negro,,"9,97",cubyn-fulfillment,3,"12,99",,
#1074,3.1074.58,Woman,"Woman, NA-KD, 34, Pantalones, Pantalones de vestir, Casual, Beige",Jenn Muchelas,Pantalón beige ,NA-KD,34,Pantalones,Pantalones de vestir,Casual,,Beige,,"9,97",cubyn-fulfillment,3,"12,99",,
#1074,3.1074.59,Woman,"Woman, Levi's, W/29 L/32, Jeans, Tiro alto, Denim, Beige",Jenn Muchelas,Jeans beige tiro alto ,Levi's,W/29 L/32,Jeans,Tiro alto,Denim,,Beige,,"30,70",cubyn-fulfillment,3,"39,99",,
#1074,3.1074.60,Woman,"Woman, Subdued, M, Pantalones, Pantalones fluidos, Boho, Casual, Blanco",Jenn Muchelas,Pantalón blanco fluido ,Subdued,M,Pantalones,Pantalones fluidos,Boho,Casual,Blanco,,"9,97",cubyn-fulfillment,3,"12,99",,
#1074,3.1074.61,Woman,"Woman, Outfitbook, XS, Pantalones, Pantalones de vestir, Casual, Eventos, Marrón",Jenn Muchelas,Pantalón marrón de vestir ,Outfitbook,XS,Pantalones,Pantalones de vestir,Casual,Eventos,Marrón,,"9,97",cubyn-fulfillment,3,"12,99",,
#1074,3.1074.62,Woman,"Woman, Women Secret, M, Pantalones, Pantalones fluidos, Boho, Casual, Beige",Jenn Muchelas,Pantalón beige fluido ,Women Secret,M,Pantalones,Pantalones fluidos,Boho,Casual,Beige,,"7,67",cubyn-fulfillment,3,"9,99",,
#1074,3.1074.63,Woman,"Woman, Born, S, Conjuntos, Sportwear, Granate",Jenn Muchelas,Conjunto granate deportivo ,Born,S,Conjuntos,,Sportwear,,Granate,,"15,35",cubyn-fulfillment,3,"19,99",,
#1074,3.1074.64,Woman,"Woman, Black Limba, S, Conjuntos, Sportwear, Azul",Jenn Muchelas,Conjunto azul deportivo,Black Limba,S,Conjuntos,,Sportwear,,Azul,,"15,35",cubyn-fulfillment,3,"19,99",,
#1074,3.1074.65,Woman,"Woman, Primark, XS, Pantalones, Deporte, Sportwear, Blanco",Jenn Muchelas,Pantalón blanco corto deportivo,Primark,XS,Pantalones,Deporte,Sportwear,,Blanco,,"5,37",cubyn-fulfillment,3,"6,99",,
#1074,3.1074.66,Woman,"Woman, Inbed, S, Lencería | Pijamas, Comfy, Rosa",Jenn Muchelas,Conjunto rosa de pijama ,Inbed,S,Lencería | Pijamas,,Comfy,,Rosa,,"7,67",cubyn-fulfillment,3,"9,99",,
#1074,3.1074.67,Woman,"Woman, Otras marcas, One size, Accesorios, Pañuelos | Bufandas, Casual, Marrón",Jenn Muchelas,Bufanda marrón ,Otras marcas,One size,Accesorios,Pañuelos | Bufandas,Casual,,Marrón,,"7,67",cubyn-fulfillment,2,"9,99",,
#1074,3.1074.68,Woman,"Woman, Women Secret , S, Bañadores | Bikinis, Bikinis, Beachwear, Blanco",Jenn Muchelas,Conjunto de bikini blanco,Women Secret ,S,Bañadores | Bikinis,Bikinis,Beachwear,,Blanco,,"5,37",cubyn-fulfillment,3,"6,99",,
#1074,3.1074.69,Woman,"Woman, Women Secret , One size, Bolsos, Mimbre, Beachwear, Multicolor",Jenn Muchelas,Bolso de mimbre colores ,Women Secret ,One size,Bolsos,Mimbre,Beachwear,,Multicolor,,"7,67",cubyn-fulfillment,3,"9,99",,
#1074,3.1074.70,Woman,"Woman, Women Secret, One size, Accesorios, Sombreros, Beachwear, Blanco",Jenn Muchelas,Buket hat rosa ,Women Secret,One size,Accesorios,Sombreros,Beachwear,,Blanco,,"5,37",cubyn-fulfillment,2,"6,99",,
#1074,3.1074.71,Woman,"Woman, Otras marcas, One size, Accesorios, Bisutería, Casual, Rosa",Jenn Muchelas,Conjunto de pulsera gargantilla ,Otras marcas,One size,Accesorios,Bisutería,Casual,,Rosa,,"5,37",cubyn-fulfillment,2,"6,99",,
#1074,3.1074.72,Woman,"Woman, Otras marcas, One size, Accesorios, Accesorios móvil, Casual, Verde, Plateado",Jenn Muchelas,Conjunto de gargantilla y anillo ,Otras marcas,One size,Accesorios,Accesorios móvil,Casual,,Verde,Plateado,"5,37",cubyn-fulfillment,2,"6,99",,
#1074,3.1074.73,Woman,"Woman, Guess, One size, Accesorios, Gafas de sol, Casual, Marrón",Jenn Muchelas,Gafas de sol marrón GUESS,Guess,One size,Accesorios,Gafas de sol,Casual,,Marrón,,"22,26",cubyn-fulfillment,3,"28,99",,
#1074,3.1074.74,Woman,"Woman, Ugg, 37, Calzado, Botines, Streetwear, Negro",Jenn Muchelas,UGG negras,Ugg,37,Calzado,Botines,Streetwear,,Negro,,"92,12",cubyn-fulfillment,3,"119,99",,
#1074,3.1074.75,Woman,"Woman, Jimmy Choo, 37 1/2, Calzado, Sandalias, Casual, Marrón",Jenn Muchelas,Sandalias marrón de tacón JIMMY CHOO,Jimmy Choo,37 1/2,Calzado,Sandalias,Casual,,Marrón,,"249,51",cubyn-fulfillment,3,"324,99",,
#1074,3.1074.76,Woman,"Woman, H&M, 34, Abrigos | Chaquetas, Chaquetas | Cazadoras, Casual, Amarillo",Jenn Muchelas,Chaqueta ocre de pelo ,H&M,34,Abrigos | Chaquetas,Chaquetas | Cazadoras,Casual,,Amarillo,,"11,51",cubyn-fulfillment,3,"14,99",,
#1074,3.1074.77,Woman,"Woman, eseOese, M, Abrigos | Chaquetas, Abrigos, Casual, Blanco",Jenn Muchelas,Abrigo blanco (NUEVO),eseOese,M,Abrigos | Chaquetas,Abrigos,Casual,,Blanco,,"38,38",cubyn-fulfillment,3,"49,99",,
#1074,3.1074.78,Woman,"Woman, House of cb, M, Abrigos | Chaquetas, Chaquetas | Cazadoras, Casual, Azul",Jenn Muchelas,Chaqueta azul efecto piel con plumas,House of cb,M,Abrigos | Chaquetas,Chaquetas | Cazadoras,Casual,,Azul,,"46,06",cubyn-fulfillment,3,"59,99",,
#1074,3.1074.79,Woman,"Woman, Gentle Woman, One size, Abrigos | Chaquetas, Abrigos, Casual, Verde",Jenn Muchelas,Abrigo verde acolchado ,Gentle Woman,One size,Abrigos | Chaquetas,Abrigos,Casual,,Verde,,"92,12",cubyn-fulfillment,3,"119,99",,
#1074,3.1074.80,Woman,"Woman, Bershka, S, Abrigos | Chaquetas, Chaquetas | Cazadoras, Streetwear, Lila",Jenn Muchelas,Chaqueta lila acolchada,Bershka,S,Abrigos | Chaquetas,Chaquetas | Cazadoras,Streetwear,,Lila,,"7,67",cubyn-fulfillment,3,"9,99",,
#1074,3.1074.81,Woman,"Woman, High Spirits, S, Jerséis | Cárdigans, Comfy, Multicolor",Jenn Muchelas,Jersey colores de punto (NUEVO),High Spirits,S,Jerséis | Cárdigans,,Comfy,,Multicolor,,"15,35",cubyn-fulfillment,3,"19,99",,
#1074,3.1074.82,Woman,"Woman, Topshop, S, Vestidos, Vestidos mini, Party night, Casual, Negro",Jenn Muchelas,Vestido negro transparente,Topshop,S,Vestidos,Vestidos mini,Party night,Casual,Negro,,"7,67",cubyn-fulfillment,3,"9,99",,
#1074,3.1074.83,Woman,"Woman, Vitrallet Studio, S, Tops, Crop tops, Streetwear, Blanco",Jenn Muchelas,Top blanco fluido,Vitrallet Studio,S,Tops,Crop tops,Streetwear,,Blanco,,"7,67",cubyn-fulfillment,3,"9,99",,
#1074,3.1074.84,Woman,"Woman, Otras marcas, S, Vestidos, Vestidos mini, Party night, Negro",Jenn Muchelas,Vestido negro fruncido efecto brillante,Otras marcas,S,Vestidos,Vestidos mini,Party night,,Negro,,"7,67",cubyn-fulfillment,3,"9,99",,
#1074,3.1074.85,Woman,"Woman, Outfitbook, One size, Blusas | Camisas, Party night, Eventos, Negro",Jenn Muchelas,Blusa negra satinada,Outfitbook,One size,Blusas | Camisas,,Party night,Eventos,Negro,,"7,67",cubyn-fulfillment,3,"9,99",,
#1074,3.1074.86,Woman,"Woman, Neena, XS, Camisetas, Beachwear, Verde",Jenn Muchelas,Camiseta verde transparente,Neena,XS,Camisetas,,Beachwear,,Verde,,"3,83",cubyn-fulfillment,3,"4,99",,
#1074,3.1074.87,Woman,"Woman, House of cb, S, Tops, Crop tops, Streetwear, Multicolor",Jenn Muchelas,Top estampado de flores ,House of cb,S,Tops,Crop tops,Streetwear,,Multicolor,,"7,67",cubyn-fulfillment,3,"9,99",,
#1074,3.1074.88,Woman,"Woman, House of cb, S, Jerséis | Cárdigans, Comfy, Beige, Verde",Jenn Muchelas,Top estampado anudado,House of cb,S,Jerséis | Cárdigans,,Comfy,,Beige,Verde,"7,67",cubyn-fulfillment,3,"9,99",,
#1074,3.1074.89,Woman,"Woman, The Are, S, Vestidos, Vestidos mini, Casual, Verde",Jenn Muchelas,Vestido verde satinado ,The Are,S,Vestidos,Vestidos mini,Casual,,Verde,,"9,97",cubyn-fulfillment,3,"12,99",,
#1074,3.1074.90,Woman,"Woman, Zara, XS, Vestidos, Vestidos mini, Casual, Blanco, Negro",Jenn Muchelas,Vestido blanco y negro con capa (NUEVO),Zara,XS,Vestidos,Vestidos mini,Casual,,Blanco,Negro,"7,67",cubyn-fulfillment,3,"9,99",,
#1074,3.1074.91,Woman,"Woman, Reebok, S, Tops, Crop tops, Streetwear, ",Jenn Muchelas,Top marrón de pelo ,Reebok,S,Tops,Crop tops,Streetwear,,,,"13,04",cubyn-fulfillment,3,"16,99",,
#1074,3.1074.92,Woman,"Woman, Victoria Secret, XS, Lencería | Pijamas, Comfy, Rosa",Jenn Muchelas,Camisón de pijama rosa VICTORIA SECRET ,Victoria Secret,XS,Lencería | Pijamas,,Comfy,,Rosa,,"7,67",cubyn-fulfillment,3,"9,99",,
#1074,3.1074.93,Woman,"Woman, Born Living Yoga , S, Deporte, Sportwear, Negro",Jenn Muchelas,Mono negro corto deportivo (NUEVO),Born Living Yoga ,S,Deporte,,Sportwear,,Negro,,"15,35",cubyn-fulfillment,3,"19,99",,
#1074,3.1074.94,Woman,"Woman, H&M, XS, Jerséis | Cárdigans, Comfy, Verde",Jenn Muchelas,Jersey verde de canalé,H&M,XS,Jerséis | Cárdigans,,Comfy,,Verde,,"7,67",cubyn-fulfillment,3,"9,99",,
#1074,3.1074.95,Woman,"Woman, Urban Outitters, S, Monos | Petos, Casual, Negro",Jenn Muchelas,Mono negro estampado de flores (NUEVO),Urban Outitters,S,Monos | Petos,,Casual,,Negro,,"17,65",cubyn-fulfillment,3,"22,99",,
#1074,3.1074.96,Woman,"Woman, Otras marcas, One size, Tops, Bodies, Party night, Negro",Jenn Muchelas,Body negro transparente,Otras marcas,One size,Tops,Bodies,Party night,,Negro,,"5,37",cubyn-fulfillment,3,"6,99",,
#1074,3.1074.97,Woman,"Woman, Zara, M, Tops, Crop tops, Streetwear, Amarillo, Verde",Jenn Muchelas,Top de rayas ,Zara,M,Tops,Crop tops,Streetwear,,Amarillo,Verde,"5,37",cubyn-fulfillment,3,"6,99",,
#1074,3.1074.98,Woman,"Woman, Edikted, S, Tops, Crop tops, Streetwear, Naranja",Jenn Muchelas,Top naranja corset,Edikted,S,Tops,Crop tops,Streetwear,,Naranja,,"7,67",cubyn-fulfillment,3,"9,99",,
#1074,3.1074.99,Woman,"Woman, Zara, M, Blusas | Camisas, Básicos, Naranja",Jenn Muchelas,Camisa naranja ,Zara,M,Blusas | Camisas,,Básicos,,Naranja,,"7,67",cubyn-fulfillment,3,"9,99",,
#1074,3.1074.100,Woman,"Woman, Edited, 34, Tops, Crop tops, Streetwear, Amarillo",Jenn Muchelas,Top amarillo floreado,Edited,34,Tops,Crop tops,Streetwear,,Amarillo,,"5,37",cubyn-fulfillment,3,"6,99",,
#1074,3.1074.101,Woman,"Woman, Zara, S, Vestidos, Vestidos mini, Denim, Blanco",Jenn Muchelas,Vestido blanco denim,Zara,S,Vestidos,Vestidos mini,Denim,,Blanco,,"5,37",cubyn-fulfillment,3,"6,99",,
#1074,3.1074.102,Woman,"Woman, Outfitbook, S, Vestidos, Vestidos mini, Casual, Negro",Jenn Muchelas,Vestido negro de canalé,Outfitbook,S,Vestidos,Vestidos mini,Casual,,Negro,,"7,67",cubyn-fulfillment,3,"9,99",,
#1074,3.1074.103,Woman,"Woman, Jaded, 34, Monos | Petos, Comfy, Multicolor",Jenn Muchelas,Mono de colores manga larga ,Jaded,34,Monos | Petos,,Comfy,,Multicolor,,"11,51",cubyn-fulfillment,3,"14,99",,
#1074,3.1074.104,Woman,"Woman, NA-KD, 34, Faldas, Faldas midi, Casual, Negro",Jenn Muchelas,Falda negra satinada,NA-KD,34,Faldas,Faldas midi,Casual,,Negro,,"7,67",cubyn-fulfillment,3,"9,99",,
#1074,3.1074.105,Woman,"Woman, My Peeptoes , S/M, Vestidos, Vestidos mini, Casual, Blanco, Negro",Jenn Muchelas,Vestido estampado cruzado (NUEVO),My Peeptoes ,S/M,Vestidos,Vestidos mini,Casual,,Blanco,Negro,"15,35",cubyn-fulfillment,3,"19,99",,
#1074,3.1074.106,Woman,"Woman, The Cotton Brand, One size, Blusas | Camisas, Básicos, Azul",Jenn Muchelas,Camisa azul ,The Cotton Brand,One size,Blusas | Camisas,,Básicos,,Azul,,"11,51",cubyn-fulfillment,3,"14,99",,
#1074,3.1074.107,Woman,"Woman, Otras marcas, One size, Blusas | Camisas, Básicos, Verde",Jenn Muchelas,Camisa verde ,Otras marcas,One size,Blusas | Camisas,,Básicos,,Verde,,"7,67",cubyn-fulfillment,3,"9,99",,
#1074,3.1074.108,Woman,"Woman, Champion, S, Deporte, Sportwear, Negro",Jenn Muchelas,Top negro deportivo CHAMPION,Champion,S,Deporte,,Sportwear,,Negro,,"7,67",cubyn-fulfillment,3,"9,99",,
#1074,3.1074.109,Woman,"Woman, Outfitbook, S, Tops, Crop tops, Streetwear, Blanco",Jenn Muchelas,Top blanco espalda descubierta ,Outfitbook,S,Tops,Crop tops,Streetwear,,Blanco,,"7,67",cubyn-fulfillment,3,"9,99",,
#1074,3.1074.110,Woman,"Woman, Wrstbhvr, S, Camisetas, Streetwear, Negro",Jenn Muchelas,Camiseta negra estampada,Wrstbhvr,S,Camisetas,,Streetwear,,Negro,,"13,04",cubyn-fulfillment,3,"16,99",,
#1074,3.1074.111,Woman,"Woman, Liu Jo, 34, Blusas | Camisas, Casual, Negro",Jenn Muchelas,Blusa negra satinada LIUJO,Liu Jo,34,Blusas | Camisas,,Casual,,Negro,,"20,72",cubyn-fulfillment,3,"26,99",,
#1074,3.1074.112,Woman,"Woman, Lady Pipa , XS, Blusas | Camisas, Casual, Verde",Jenn Muchelas,Blusa verde mangas abullonadas,Lady Pipa ,XS,Blusas | Camisas,,Casual,,Verde,,"23,02",cubyn-fulfillment,3,"29,99",,
#1074,3.1074.113,Woman,"Woman, House of cb, S, Blazers, Casual, Eventos, Negro",Jenn Muchelas,Blazer negro (NUEVO),House of cb,S,Blazers,,Casual,Eventos,Negro,,"46,06",cubyn-fulfillment,3,"59,99",,
#1074,3.1074.114,Woman,"Woman, Storets , S/M, Abrigos | Chaquetas, Chaquetas | Cazadoras, Casual, Marrón",Jenn Muchelas,Chaqueta marrón crop efecto piel ,Storets ,S/M,Abrigos | Chaquetas,Chaquetas | Cazadoras,Casual,,Marrón,,"19,19",cubyn-fulfillment,3,"24,99",,
#1074,3.1074.115,Woman,"Woman, Charcoal , 6, Vestidos, Vestidos mini, Denim, Rosa",Jenn Muchelas,Vestido rosa denim (NUEVO),Charcoal ,6,Vestidos,Vestidos mini,Denim,,Rosa,,"7,67",cubyn-fulfillment,3,"9,99",,
#1074,3.1074.116,Woman,"Woman, Zara, XS/S, Tops, Crop tops, Streetwear, Azul",Jenn Muchelas,Top azul de crochet (NUEVO),Zara,XS/S,Tops,Crop tops,Streetwear,,Azul,,"5,37",cubyn-fulfillment,3,"6,99",,
#1074,3.1074.117,Woman,"Woman, WRSTBHVR, S, Blusas | Camisas, Casual, Eventos, Azul",Jenn Muchelas,Blusa azul satinada,WRSTBHVR,S,Blusas | Camisas,,Casual,Eventos,Azul,,"7,67",cubyn-fulfillment,3,"9,99",,
#1074,3.1074.118,Woman,"Woman, Storets, S/M, Blazers, Casual, Eventos, Verde",Jenn Muchelas,Blazer verde oversize,Storets,S/M,Blazers,,Casual,Eventos,Verde,,"11,51",cubyn-fulfillment,3,"14,99",,
#1074,3.1074.119,Woman,"Woman, Storets, S/M, Blazers, Casual, Eventos, Rosa",Jenn Muchelas,Blazer rosa oversize,Storets,S/M,Blazers,,Casual,Eventos,Rosa,,"11,51",cubyn-fulfillment,3,"14,99",,
#1074,3.1074.120,Woman,"Woman, Levi's, S, Abrigos | Chaquetas, Chaquetas | Cazadoras, Denim, Streetwear, Amarillo",Jenn Muchelas,Sobrecamisa amarilla denim (NUEVO),Levi's,S,Abrigos | Chaquetas,Chaquetas | Cazadoras,Denim,Streetwear,Amarillo,,"30,70",cubyn-fulfillment,3,"39,99",,
#1074,3.1074.121,Woman,"Woman, Two.Zero, S, Blusas | Camisas, Vintage, Classic, Multicolor",Jenn Muchelas,Camisa colores fluido,Two.Zero,S,Blusas | Camisas,,Vintage,Classic,Multicolor,,"19,19",cubyn-fulfillment,3,"24,99",,
#1074,3.1074.122,Woman,"Woman, Otras marcas, 2, Vestidos, Vestidos largos, Casual, Comfy, Multicolor, Rosa",Jenn Muchelas,Vestido flores satinado,Otras marcas,2,Vestidos,Vestidos largos,Casual,Comfy,Multicolor,Rosa,"7,67",cubyn-fulfillment,3,"9,99",,
#1074,3.1074.123,Woman,"Woman, Maje, 38, Vestidos, Vestidos largos, Vintage, Casual, Marrón, Multicolor",Jenn Muchelas,Vestido marrón fluido,Maje,38,Vestidos,Vestidos largos,Vintage,Casual,Marrón,Multicolor,"76,77",cubyn-fulfillment,3,"99,99",,
#1074,3.1074.124,Woman,"Woman, Storets, S/M, Tops, Crop tops, Comfy, Casual, Gris",Jenn Muchelas,Top jersey gris,Storets,S/M,Tops,Crop tops,Comfy,Casual,Gris,,"7,67",cubyn-fulfillment,3,"9,99",,
#1074,3.1074.125,Woman,"Woman, Nude Project, M, Camisetas, Comfy, Streetwear, Marrón, Beige",Jenn Muchelas,Camiseta beige NP,Nude Project,M,Camisetas,,Comfy,Streetwear,Marrón,Beige,"30,70",cubyn-fulfillment,3,"39,99",,
#1074,3.1074.126,Woman,"Woman, Edikted, S, Jerséis | Cárdigans, Comfy, Streetwear, Verde",Jenn Muchelas,Cárdigan crop verde (NUEVO),Edikted,S,Jerséis | Cárdigans,,Comfy,Streetwear,Verde,,"7,67",cubyn-fulfillment,3,"9,99",,
#1074,3.1074.127,Woman,"Woman, Cala, One size, Monos | Petos, Comfy, Casual, Multicolor",Jenn Muchelas,Mono colores pastel,Cala,One size,Monos | Petos,,Comfy,Casual,Multicolor,,"11,51",cubyn-fulfillment,3,"14,99",,
#1074,3.1074.128,Woman,"Woman, Storets, S/M, Chalecos, Comfy, Streetwear, Gris",Jenn Muchelas,Chaleco gris efecto desgastado,Storets,S/M,Chalecos,,Comfy,Streetwear,Gris,,"7,67",cubyn-fulfillment,3,"9,99",,
#1074,3.1074.129,Woman,"Woman, Asos, 36, Tops, Crop tops, Casual, Streetwear, Verde",Jenn Muchelas,Top verde anudado,Asos,36,Tops,Crop tops,Casual,Streetwear,Verde,,"7,67",cubyn-fulfillment,3,"9,99",,
#1074,3.1074.130,Woman,"Woman, Colourful Rebel, S, Sudaderas, con capucha, Comfy, Streetwear, Amarillo",Jenn Muchelas,Sudadera amarilla (NUEVO),Colourful Rebel,S,Sudaderas,con capucha,Comfy,Streetwear,Amarillo,,"26,86",cubyn-fulfillment,3,"34,99",,
#1074,3.1074.131,Woman,"Woman, Ellese, 36, Sudaderas, con capucha, Comfy, Streetwear, Verde",Jenn Muchelas,Sudadera verde ELLESSE,Ellese,36,Sudaderas,con capucha,Comfy,Streetwear,Verde,,"26,86",cubyn-fulfillment,3,"34,99",,
#1074,3.1074.132,Woman,"Woman, Adika, S, Tops, Crop tops, Casual, Party night, Negro",Jenn Muchelas,Top negro anudado,Adika,S,Tops,Crop tops,Casual,Party night,Negro,,"7,67",cubyn-fulfillment,3,"9,99",,
#1074,3.1074.133,Woman,"Woman, Meshki, XS, Vestidos, Vestidos mini, Casual, Party night, Rosa",Jenn Muchelas,Vestido rosa encaje (NUEVO),Meshki,XS,Vestidos,Vestidos mini,Casual,Party night,Rosa,,"30,70",cubyn-fulfillment,3,"39,99",,
#1074,3.1074.134,Woman,"Woman, Colourful Rebel, S, Vestidos, Vestidos largos, Casual, Streetwear, Blanco",Jenn Muchelas,Kimono blanco troquelado (NUEVO),Colourful Rebel,S,Vestidos,Vestidos largos,Casual,Streetwear,Blanco,,"38,38",cubyn-fulfillment,3,"49,99",,
#1074,3.1074.135,Woman,"Woman, Motel, S, Tops, Crop tops, Casual, Streetwear, Blanco",Jenn Muchelas,Top corsé blanco ,Motel,S,Tops,Crop tops,Casual,Streetwear,Blanco,,"7,67",cubyn-fulfillment,3,"9,99",,
#1074,3.1074.136,Woman,"Woman, Song of Style, XS, Jerséis | Cárdigans, Casual, Comfy, Blanco",Jenn Muchelas,Cárdigan blanco,Song of Style,XS,Jerséis | Cárdigans,,Casual,Comfy,Blanco,,"7,67",cubyn-fulfillment,3,"9,99",,
#1074,3.1074.137,Woman,"Woman, The Are, S, Monos | Petos, Vintage, Comfy, Blanco",Jenn Muchelas,Mono blanco fluido,The Are,S,Monos | Petos,,Vintage,Comfy,Blanco,,"11,51",cubyn-fulfillment,3,"14,99",,
#1074,3.1074.138,Woman,"Woman, Outfitbook, S, Tops, Crop tops, Casual, Básicos, Blanco",Jenn Muchelas,Top blanco cintura anudada,Outfitbook,S,Tops,Crop tops,Casual,Básicos,Blanco,,"7,67",cubyn-fulfillment,3,"9,99",,
#1074,3.1074.139,Woman,"Woman, Adika, M, Tops, Crop tops, Básicos, Blanco",Jenn Muchelas,Top blanco de anté,Adika,M,Tops,Crop tops,Básicos,,Blanco,,"7,67",cubyn-fulfillment,3,"9,99",,
#1074,3.1074.140,Woman,"Woman, Outfitbook, S, Tops, Crop tops, Básicos, Blanco",Jenn Muchelas,Top blanco de canalé,Outfitbook,S,Tops,Crop tops,Básicos,,Blanco,,"5,37",cubyn-fulfillment,3,"6,99",,
#1074,3.1074.141,Woman,"Woman, Ellese, 36, Tops, Crop tops, Vintage, Básicos, Blanco",Jenn Muchelas,Top blanco tipo polo,Ellese,36,Tops,Crop tops,Vintage,Básicos,Blanco,,"11,51",cubyn-fulfillment,3,"14,99",,
#1074,3.1074.142,Woman,"Woman, Vera & Lucy, M, Tops, Crop tops, Básicos, Rojo",Jenn Muchelas,Top rojo canalé,Vera & Lucy,M,Tops,Crop tops,Básicos,,Rojo,,"5,37",cubyn-fulfillment,3,"6,99",,
#1074,3.1074.143,Woman,"Woman, Nike, S, Tops, Bodies, Classic, Streetwear, Blanco",Jenn Muchelas,Body camiseta blanco,Nike,S,Tops,Bodies,Classic,Streetwear,Blanco,,"15,35",cubyn-fulfillment,3,"19,99",,
#1074,3.1074.144,Woman,"Woman, Shein, S, Faldas, Faldas mini, Básicos, Casual, Blanco",Jenn Muchelas,Falda tubo blanco,Shein,S,Faldas,Faldas mini,Básicos,Casual,Blanco,,"5,37",cubyn-fulfillment,3,"6,99",,
#1074,3.1074.145,Woman,"Woman, Bershka, S, Pantalones, Pantalones de vestir, Casual, Party night, Negro",Jenn Muchelas,Pantalón negro terciopelo,Bershka,S,Pantalones,Pantalones de vestir,Casual,Party night,Negro,,"7,67",cubyn-fulfillment,3,"9,99",,
#1074,3.1074.146,Woman,"Woman, LeGer, 34, Pantalones, Pantalones de vestir, Casual, Eventos, Azul",Jenn Muchelas,Pantalón azul satinado,LeGer,34,Pantalones,Pantalones de vestir,Casual,Eventos,Azul,,"15,35",cubyn-fulfillment,3,"19,99",,
#1074,3.1074.147,Woman,"Woman, Sndys, XXS, Pantalones, Pantalones polipiel, Vintage, Casual, Marrón",Jenn Muchelas,Pantalón marrón de piel,Sndys,XXS,Pantalones,Pantalones polipiel,Vintage,Casual,Marrón,,"15,35",cubyn-fulfillment,3,"19,99",,
#1074,3.1074.148,Woman,"Woman, Ginatricot, S, Pantalones, Pantalones fluidos, Vintage, Comfy, Verde",Jenn Muchelas,Pantalón verde terciopelo,Ginatricot,S,Pantalones,Pantalones fluidos,Vintage,Comfy,Verde,,"11,51",cubyn-fulfillment,3,"14,99",,
#1074,3.1074.149,Woman,"Woman, 4th.Reckless, S, Faldas, Faldas mini, Comfy, Casual, Blanco",Jenn Muchelas,Falda blanca cruzada,4th.Reckless,S,Faldas,Faldas mini,Comfy,Casual,Blanco,,"9,97",cubyn-fulfillment,3,"12,99",,
#1074,3.1074.150,Woman,"Woman, Majorelle, XS, Tops, Crop tops, Básicos, Comfy, Marrón",Jenn Muchelas,Top strapless marrón,Majorelle,XS,Tops,Crop tops,Básicos,Comfy,Marrón,,"7,67",cubyn-fulfillment,3,"9,99",,
#1074,3.1074.151,Woman,"Woman, Puma, S, Pantalones, Deporte, Básicos, Sportwear, Negro",Jenn Muchelas,Pantalón corto negro,Puma,S,Pantalones,Deporte,Básicos,Sportwear,Negro,,"9,97",cubyn-fulfillment,3,"12,99",,
#1074,3.1074.152,Woman,"Woman, Modstrom, XS, Pantalones, Pantalones de vestir, Classic, Casual, Marrón",Jenn Muchelas,Pantalón marrón de vestir ,Modstrom,XS,Pantalones,Pantalones de vestir,Classic,Casual,Marrón,,"15,35",cubyn-fulfillment,3,"19,99",,
#1074,3.1074.153,Woman,"Woman, Nike, M, Pantalones, Deporte, Sportwear, Gris",Jenn Muchelas,Pantalón corto gris dri-fit,Nike,M,Pantalones,Deporte,Sportwear,,Gris,,"15,35",cubyn-fulfillment,3,"19,99",,
#1074,3.1074.154,Woman,"Woman, Primark, XS, Pantalones, Deporte, Básicos, Sportwear, Azul",Jenn Muchelas,Pantalón corto azul,Primark,XS,Pantalones,Deporte,Básicos,Sportwear,Azul,,"5,37",cubyn-fulfillment,3,"6,99",,
#1074,3.1074.155,Woman,"Woman, Han kjobenhavn, S, Pantalones, Pantalones fluidos, Comfy, Streetwear, Negro",Jenn Muchelas,Pantalón negro de canalé,Han kjobenhavn,S,Pantalones,Pantalones fluidos,Comfy,Streetwear,Negro,,"7,67",cubyn-fulfillment,3,"9,99",,
#1074,3.1074.156,Woman,"Woman, Storets, S/M, Pantalones, Pantalones fluidos, Casual, Comfy, Naranja",Jenn Muchelas,Pantalón naranja plisado,Storets,S/M,Pantalones,Pantalones fluidos,Casual,Comfy,Naranja,,"7,67",cubyn-fulfillment,3,"9,99",,
#1074,3.1074.157,Woman,"Woman, Born Living Yoga, S, Pantalones, Deporte, Sportwear, Verde",Jenn Muchelas,Pantalón corto verde lycra,Born Living Yoga,S,Pantalones,Deporte,Sportwear,,Verde,,"11,51",cubyn-fulfillment,3,"14,99",,
#1074,3.1074.158,Woman,"Woman, Lady Pipa, XS, Pantalones, Pantalones de vestir, Casual, Eventos, Verde",Jenn Muchelas,Pantalón verde fluido,Lady Pipa,XS,Pantalones,Pantalones de vestir,Casual,Eventos,Verde,,"30,70",cubyn-fulfillment,3,"39,99",,
#1074,3.1074.159,Woman,"Woman, Liu.jo, 27, Jeans, Pitillo, Denim, Negro",Jenn Muchelas,Jean negro pitillo,Liu.jo,27,Jeans,Pitillo,Denim,,Negro,,"15,35",cubyn-fulfillment,3,"19,99",,
#1074,3.1074.160,Woman,"Woman, Motel, S, Faldas, Faldas midi, Casual, Comfy, Negro",Jenn Muchelas,Falda negra anudada,Motel,S,Faldas,Faldas midi,Casual,Comfy,Negro,,"19,19",cubyn-fulfillment,3,"24,99",,
#1074,3.1074.161,Woman,"Woman, Asos, 34, Faldas, Faldas largas, Casual, Comfy, Naranja",Jenn Muchelas,Falda tubo naranja de canalé,Asos,34,Faldas,Faldas largas,Casual,Comfy,Naranja,,"7,67",cubyn-fulfillment,3,"9,99",,
#1074,3.1074.162,Woman,"Woman, Pull&Bear, S, Pantalones, Pantalones cargo, Vintage, Classic, Marrón",Jenn Muchelas,Pantalón marrón tipo cargo,Pull&Bear,S,Pantalones,Pantalones cargo,Vintage,Classic,Marrón,,"9,97",cubyn-fulfillment,3,"12,99",,
#1074,3.1074.163,Woman,"Woman, Camila Coelho, XS, Faldas, Faldas largas, Casual, Party night, Naranja",Jenn Muchelas,Falda naranja fruncida,Camila Coelho,XS,Faldas,Faldas largas,Casual,Party night,Naranja,,"11,51",cubyn-fulfillment,3,"14,99",,
#1074,3.1074.164,Woman,"Woman, Otras marcas, 38, Jeans, Tiro alto, Denim, Vintage, Azul",Jenn Muchelas,Jean azul botones,Otras marcas,38,Jeans,Tiro alto,Denim,Vintage,Azul,,"7,67",cubyn-fulfillment,3,"9,99",,
#1074,3.1074.165,Woman,"Woman, NA-KD, XS, Pantalones, Pantalones fluidos, Vintage, Casual, Negro",Jenn Muchelas,Pantalón negro campana,NA-KD,XS,Pantalones,Pantalones fluidos,Vintage,Casual,Negro,,"7,67",cubyn-fulfillment,3,"9,99",,
#1074,3.1074.166,Woman,"Woman, Sorry Im Busy, S, Pantalones, Deporte, Comfy, Streetwear, Morado",Jenn Muchelas,Pantalón de chándal morado,Sorry Im Busy,S,Pantalones,Deporte,Comfy,Streetwear,Morado,,"19,19",cubyn-fulfillment,3,"24,99",,
#1074,3.1074.167,Woman,"Woman, Born Living Yoga, S, Conjuntos, Sportwear, Azul",Jenn Muchelas,Conjuntos azul deporte,Born Living Yoga,S,Conjuntos,,Sportwear,,Azul,,"15,35",cubyn-fulfillment,3,"19,99",,
#1074,3.1074.168,Woman,"Woman, Cala, One size, Monos | Petos, Casual, Comfy, Blanco",Jenn Muchelas,Mono blanco de canalé,Cala,One size,Monos | Petos,,Casual,Comfy,Blanco,,"15,35",cubyn-fulfillment,3,"19,99",,
#1074,3.1074.169,Woman,"Woman, Jaded, 34, Conjuntos, Vintage, Boho, Naranja, Multicolor",Jenn Muchelas,Conjunto tie dye naranja (NUEVO),Jaded,34,Conjuntos,,Vintage,Boho,Naranja,Multicolor,"15,35",cubyn-fulfillment,3,"19,99",,
#1074,3.1074.170,Woman,"Woman, Beauty line, One size, Accesorios, Pañuelos | Bufandas, Classic, Rojo, Multicolor",Jenn Muchelas,Panuelo rojo estampado ,Beauty line,One size,Accesorios,Pañuelos | Bufandas,Classic,,Rojo,Multicolor,"5,37",cubyn-fulfillment,2,"6,99",,
#1074,3.1074.171,Woman,"Woman, Otras marcas, One size, Accesorios, Pañuelos | Bufandas, Classic, Rosa",Jenn Muchelas,Pañuelo rosa,Otras marcas,One size,Accesorios,Pañuelos | Bufandas,Classic,,Rosa,,"5,37",cubyn-fulfillment,2,"6,99",,
#1074,3.1074.172,Woman,"Woman, Otras marcas, One size, Accesorios, Pañuelos | Bufandas, Classic, Multicolor, Amarillo",Jenn Muchelas,Pañuelo floreado,Otras marcas,One size,Accesorios,Pañuelos | Bufandas,Classic,,Multicolor,Amarillo,"5,37",cubyn-fulfillment,2,"6,99",,
#1074,3.1074.173,Woman,"Woman, Otras marcas, One size, Accesorios, Pañuelos | Bufandas, Classic, Amarillo, Multicolor",Jenn Muchelas,Pañuelo estampado cadena,Otras marcas,One size,Accesorios,Pañuelos | Bufandas,Classic,,Amarillo,Multicolor,"5,37",cubyn-fulfillment,2,"6,99",,
#1074,3.1074.174,Woman,"Woman, Otras marcas, One size, Faldas, Faldas mini, Beachwear, Multicolor",Jenn Muchelas,Falda multicolor cruzada,Otras marcas,One size,Faldas,Faldas mini,Beachwear,,Multicolor,,"5,37",cubyn-fulfillment,3,"6,99",,
#1074,3.1074.175,Woman,"Woman, Otras marcas, One size, Accesorios, Pañuelos | Bufandas, Classic, Verde, Multicolor",Jenn Muchelas,Pañuelo verde floreado,Otras marcas,One size,Accesorios,Pañuelos | Bufandas,Classic,,Verde,Multicolor,"5,37",cubyn-fulfillment,2,"6,99",,
#1074,3.1074.176,Woman,"Woman, Otras marcas, One size, Accesorios, Pañuelos | Bufandas, Classic, Rosa, Multicolor",Jenn Muchelas,Pañuelo rosa tie dye,Otras marcas,One size,Accesorios,Pañuelos | Bufandas,Classic,,Rosa,Multicolor,"5,37",cubyn-fulfillment,2,"6,99",,
#1074,3.1074.177,Woman,"Woman, Otras marcas, One size, Accesorios, Pañuelos | Bufandas, Classic, Morado, Multicolor",Jenn Muchelas,Pañuelo tie dye morado,Otras marcas,One size,Accesorios,Pañuelos | Bufandas,Classic,,Morado,Multicolor,"5,37",cubyn-fulfillment,2,"6,99",,
#1074,3.1074.178,Woman,"Woman, Otras marcas, One size, Accesorios, Pañuelos | Bufandas, Classic, Amarillo",Jenn Muchelas,Pañuelo amarillo,Otras marcas,One size,Accesorios,Pañuelos | Bufandas,Classic,,Amarillo,,"5,37",cubyn-fulfillment,2,"6,99",,
#1074,3.1074.179,Woman,"Woman, Public Desire, 37, Calzado, Sandalias, Casual, Beige",Jenn Muchelas,Sandalias beige de tacón ,Public Desire,37,Calzado,Sandalias,Casual,,Beige,,"7,67",cubyn-fulfillment,3,"9,99",,
#1074,3.1074.180,Woman,"Woman, Public Desire, 37, Calzado, Sandalias, Casual, Blanco",Jenn Muchelas,Sandalias blancas de tacón ,Public Desire,37,Calzado,Sandalias,Casual,,Blanco,,"7,67",cubyn-fulfillment,3,"9,99",,
#1074,3.1074.181,Woman,"Woman, NA-KD, 37, Calzado, Sandalias, Casual, Negro",Jenn Muchelas,Sandalias negras de tacón tiras,NA-KD,37,Calzado,Sandalias,Casual,,Negro,,"19,19",cubyn-fulfillment,3,"24,99",,
#1074,3.1074.182,Woman,"Woman, Senso, 37, Calzado, Sandalias, Casual, Negro",Jenn Muchelas,Sandalias negras de tacón ,Senso,37,Calzado,Sandalias,Casual,,Negro,,"19,19",cubyn-fulfillment,3,"24,99",,
#1074,3.1074.183,Woman,"Woman, Raye, 44688, Calzado, Sandalias, Casual, Blanco",Jenn Muchelas,Sandalias blancas romanas de tacón ,Raye,7.5,Calzado,Sandalias,Casual,,Blanco,,"15,35",cubyn-fulfillment,3,"19,99",,
#1074,3.1074.184,Woman,"Woman, H&M, 38, Calzado, Zapatos de tacón, Casual, Eventos, Negro",Jenn Muchelas,Zapatos negros de tacón efecto charol,H&M,38,Calzado,Zapatos de tacón,Casual,Eventos,Negro,,"11,51",cubyn-fulfillment,3,"14,99",,
#1074,3.1074.185,Woman,"Woman, Jeffrey Campbell, 37, Calzado, Botines, Boho, Negro",Jenn Muchelas,Botines negros cowboys,Jeffrey Campbell,37,Calzado,Botines,Boho,,Negro,,"61,41",cubyn-fulfillment,3,"79,99",,
#1074,3.1074.186,Woman,"Woman, Bershka, 37, Calzado, Botines, Casual, Negro",Jenn Muchelas,Botines negros de punta NUEVO,Bershka,37,Calzado,Botines,Casual,,Negro,,"19,19",cubyn-fulfillment,3,"24,99",,
#1074,3.1074.187,Woman,Botines negros de punta (NUEVO),Jenn Muchelas,Botines negras tacón bajo,Senso,37,Calzado,Botines,Casual,,Negro,,"7,67",cubyn-fulfillment,3,"9,99",,
#1074,3.1074.188,Woman,"Woman, Raid, 37, Calzado, Botas, Casual, Negro",Jenn Muchelas,Botas negras efecto piel ,Raid,37,Calzado,Botas,Casual,,Negro,,"30,70",cubyn-fulfillment,3,"39,99",,
#1074,3.1074.189,Woman,"Woman, Alohas, 37, Calzado, Sandalias, Streetwear, Beige",Jenn Muchelas,Sandalias beige acolchada ,Alohas,37,Calzado,Sandalias,Streetwear,,Beige,,"30,70",cubyn-fulfillment,3,"39,99",,
#1074,3.1074.190,Woman,"Woman, Another Trend , 38, Calzado, Zapatillas, Streetwear, Blanco",Jenn Muchelas,Zapatillas blancas ,Another Trend ,38,Calzado,Zapatillas,Streetwear,,Blanco,,"30,70",cubyn-fulfillment,3,"39,99",,
#1074,3.1074.191,Woman,"Woman, Otras marcas, One size, Bolsos, Bolsos de hombro, Beachwear, Beige",Jenn Muchelas,Bolso de mimbre ,Otras marcas,One size,Bolsos,Bolsos de hombro,Beachwear,,Beige,,"7,67",cubyn-fulfillment,3,"9,99",,
#1074,3.1074.192,Woman,"Woman, FRK, One size, Bolsos, Bandoleras, Casual, Blanco",Jenn Muchelas,Bolso mini blanco,FRK,One size,Bolsos,Bandoleras,Casual,,Blanco,,"7,67",cubyn-fulfillment,3,"9,99",,
#1074,3.1074.193,Woman,"Woman, Montilitas , One size, Accesorios, Gorros | Gorras, Streetwear, Multicolor, Negro",Jenn Muchelas,Buket hat estampado reversible,Montilitas ,One size,Accesorios,Gorros | Gorras,Streetwear,,Multicolor,Negro,"7,67",cubyn-fulfillment,2,"9,99",,
#1074,3.1074.194,Woman,"Woman, Primark, One size, Accesorios, Gorros | Gorras, Streetwear, Azul",Jenn Muchelas,Buket hat azul ,Primark,One size,Accesorios,Gorros | Gorras,Streetwear,,Azul,,"5,37",cubyn-fulfillment,2,"6,99",,
#1074,3.1074.195,Woman,"Woman, South Athletics, One size, Accesorios, Gorros | Gorras, Streetwear, Gris",Jenn Muchelas,Gorra gris ,South Athletics,One size,Accesorios,Gorros | Gorras,Streetwear,,Gris,,"7,67",cubyn-fulfillment,2,"9,99",,
#1074,3.1074.196,Woman,"Woman, Otras marcas, One size, Accesorios, Gorros | Gorras, Streetwear, Rosa",Jenn Muchelas,Buket hat rosa ,Otras marcas,One size,Accesorios,Gorros | Gorras,Streetwear,,Rosa,,"5,37",cubyn-fulfillment,2,"6,99",,
#1074,3.1074.197,Woman,"Woman, Ellese, One size, Accesorios, Gorros | Gorras, Streetwear, Azul",Jenn Muchelas,Gorra azul NUEVO,Ellese,One size,Accesorios,Gorros | Gorras,Streetwear,,Azul,,"15,35",cubyn-fulfillment,2,"19,99",,
#1074,3.1074.198,Woman,"Woman, Lefties, One size, Accesorios, Gafas de sol, Básicos, Marrón, Multicolor",Jenn Muchelas,Gafas de sol carey,Lefties,One size,Accesorios,Gafas de sol,Básicos,,Marrón,Multicolor,"5,37",cubyn-fulfillment,2,"6,99",,
#1074,3.1074.199,Woman,"Woman, Otras marcas, One size, Accesorios, Gafas de sol, Básicos, Negro, Rojo",Jenn Muchelas,Gafas de sol negro,Otras marcas,One size,Accesorios,Gafas de sol,Básicos,,Negro,Rojo,"7,67",cubyn-fulfillment,2,"9,99",,
#1074,3.1074.200,Woman,"Woman, Pull&Bear, One size, Accesorios, Gafas de sol, Básicos, Verde",Jenn Muchelas,Gafas de sol verde,Pull&Bear,One size,Accesorios,Gafas de sol,Básicos,,Verde,,"5,37",cubyn-fulfillment,2,"6,99",,
#1074,3.1074.201,Woman,"Woman, Mo Nóli, One size, Accesorios, Gafas de sol, Básicos, Negro",Jenn Muchelas,Gafas de sol aviador,Mo Nóli,One size,Accesorios,Gafas de sol,Básicos,,Negro,,"7,67",cubyn-fulfillment,2,"9,99",,
#1074,3.1074.202,Woman,"Woman, Otras marcas, One size, Accesorios, Gafas de sol, Básicos, Multicolor",Jenn Muchelas,Gafas de sol transparente,Otras marcas,One size,Accesorios,Gafas de sol,Básicos,,Multicolor,,"5,37",cubyn-fulfillment,2,"6,99",,
#1074,3.1074.203,Woman,"Woman, S. Golder, One size, Accesorios, Gafas de sol, Básicos, Multicolor",Jenn Muchelas,Gafas de sol tipo gato,S. Golder,One size,Accesorios,Gafas de sol,Básicos,,Multicolor,,"7,67",cubyn-fulfillment,2,"9,99",,
#1074,3.1074.204,Woman,"Woman, Otras marcas, One size, Accesorios, Gafas de sol, Básicos, Verde",Jenn Muchelas,Gafas de sol verde tipo gato,Otras marcas,One size,Accesorios,Gafas de sol,Básicos,,Verde,,"5,37",cubyn-fulfillment,2,"6,99",,
#1074,3.1074.205,Woman,"Woman, New Era, One size, Accesorios, Gorros | Gorras, Streetwear, Blanco",Jenn Muchelas,Gorra blanca ,New Era,One size,Accesorios,Gorros | Gorras,Streetwear,,Blanco,,"7,67",cubyn-fulfillment,2,"9,99",,